solid optical_spacer
  facet normal 9.189111e-01 2.255800e-02 3.938191e-01
    outer loop
      vertex 9.000000e+00 0.000000e+00 3.500000e+01
      vertex 2.400000e+01 0.000000e+00 0.000000e+00
      vertex 2.397109e+01 1.177624e+00 0.000000e+00
    endloop
  endfacet
  facet normal 9.189111e-01 2.255800e-02 3.938191e-01
    outer loop
      vertex 9.000000e+00 0.000000e+00 3.500000e+01
      vertex 2.397109e+01 1.177624e+00 0.000000e+00
      vertex 8.989159e+00 4.416091e-01 3.500000e+01
    endloop
  endfacet
  facet normal -9.456910e-01 -2.321541e-02 -3.242369e-01
    outer loop
      vertex 7.000000e+00 0.000000e+00 3.500000e+01
      vertex 6.991568e+00 3.434737e-01 3.500000e+01
      vertex 1.897711e+01 9.322858e-01 0.000000e+00
    endloop
  endfacet
  facet normal -9.456910e-01 -2.321541e-02 -3.242369e-01
    outer loop
      vertex 7.000000e+00 0.000000e+00 3.500000e+01
      vertex 1.897711e+01 9.322858e-01 0.000000e+00
      vertex 1.900000e+01 0.000000e+00 0.000000e+00
    endloop
  endfacet
  facet normal 0.000000e+00 0.000000e+00 -1.000000e+00
    outer loop
      vertex 9.000000e+00 0.000000e+00 3.500000e+01
      vertex 7.000000e+00 0.000000e+00 3.500000e+01
      vertex 6.991568e+00 3.434737e-01 3.500000e+01
    endloop
  endfacet
  facet normal 0.000000e+00 0.000000e+00 -1.000000e+00
    outer loop
      vertex 9.000000e+00 0.000000e+00 3.500000e+01
      vertex 6.991568e+00 3.434737e-01 3.500000e+01
      vertex 8.989159e+00 4.416091e-01 3.500000e+01
    endloop
  endfacet
  facet normal 0.000000e+00 0.000000e+00 1.000000e+00
    outer loop
      vertex 2.400000e+01 0.000000e+00 0.000000e+00
      vertex 2.397109e+01 1.177624e+00 0.000000e+00
      vertex 1.897711e+01 9.322858e-01 0.000000e+00
    endloop
  endfacet
  facet normal 0.000000e+00 0.000000e+00 1.000000e+00
    outer loop
      vertex 2.400000e+01 0.000000e+00 0.000000e+00
      vertex 1.897711e+01 9.322858e-01 0.000000e+00
      vertex 1.900000e+01 0.000000e+00 0.000000e+00
    endloop
  endfacet
  facet normal 9.166974e-01 6.761966e-02 3.938191e-01
    outer loop
      vertex 8.989159e+00 4.416091e-01 3.500000e+01
      vertex 2.397109e+01 1.177624e+00 0.000000e+00
      vertex 2.388443e+01 2.352411e+00 0.000000e+00
    endloop
  endfacet
  facet normal 9.166974e-01 6.761966e-02 3.938191e-01
    outer loop
      vertex 8.989159e+00 4.416091e-01 3.500000e+01
      vertex 2.388443e+01 2.352411e+00 0.000000e+00
      vertex 8.956663e+00 8.821543e-01 3.500000e+01
    endloop
  endfacet
  facet normal -9.434127e-01 -6.959031e-02 -3.242369e-01
    outer loop
      vertex 6.991568e+00 3.434737e-01 3.500000e+01
      vertex 6.966293e+00 6.861200e-01 3.500000e+01
      vertex 1.890851e+01 1.862326e+00 0.000000e+00
    endloop
  endfacet
  facet normal -9.434127e-01 -6.959031e-02 -3.242369e-01
    outer loop
      vertex 6.991568e+00 3.434737e-01 3.500000e+01
      vertex 1.890851e+01 1.862326e+00 0.000000e+00
      vertex 1.897711e+01 9.322858e-01 0.000000e+00
    endloop
  endfacet
  facet normal -0.000000e+00 0.000000e+00 -1.000000e+00
    outer loop
      vertex 8.989159e+00 4.416091e-01 3.500000e+01
      vertex 6.991568e+00 3.434737e-01 3.500000e+01
      vertex 6.966293e+00 6.861200e-01 3.500000e+01
    endloop
  endfacet
  facet normal 0.000000e+00 0.000000e+00 -1.000000e+00
    outer loop
      vertex 8.989159e+00 4.416091e-01 3.500000e+01
      vertex 6.966293e+00 6.861200e-01 3.500000e+01
      vertex 8.956663e+00 8.821543e-01 3.500000e+01
    endloop
  endfacet
  facet normal 0.000000e+00 0.000000e+00 1.000000e+00
    outer loop
      vertex 2.397109e+01 1.177624e+00 0.000000e+00
      vertex 2.388443e+01 2.352411e+00 0.000000e+00
      vertex 1.890851e+01 1.862326e+00 0.000000e+00
    endloop
  endfacet
  facet normal 0.000000e+00 0.000000e+00 1.000000e+00
    outer loop
      vertex 2.397109e+01 1.177624e+00 0.000000e+00
      vertex 1.890851e+01 1.862326e+00 0.000000e+00
      vertex 1.897711e+01 9.322858e-01 0.000000e+00
    endloop
  endfacet
  facet normal 9.122753e-01 1.125184e-01 3.938191e-01
    outer loop
      vertex 8.956663e+00 8.821543e-01 3.500000e+01
      vertex 2.388443e+01 2.352411e+00 0.000000e+00
      vertex 2.374024e+01 3.521531e+00 0.000000e+00
    endloop
  endfacet
  facet normal 9.122753e-01 1.125184e-01 3.938191e-01
    outer loop
      vertex 8.956663e+00 8.821543e-01 3.500000e+01
      vertex 2.374024e+01 3.521531e+00 0.000000e+00
      vertex 8.902589e+00 1.320574e+00 3.500000e+01
    endloop
  endfacet
  facet normal -9.388617e-01 -1.157975e-01 -3.242369e-01
    outer loop
      vertex 6.966293e+00 6.861200e-01 3.500000e+01
      vertex 6.924236e+00 1.027113e+00 3.500000e+01
      vertex 1.879435e+01 2.787879e+00 0.000000e+00
    endloop
  endfacet
  facet normal -9.388617e-01 -1.157975e-01 -3.242369e-01
    outer loop
      vertex 6.966293e+00 6.861200e-01 3.500000e+01
      vertex 1.879435e+01 2.787879e+00 0.000000e+00
      vertex 1.890851e+01 1.862326e+00 0.000000e+00
    endloop
  endfacet
  facet normal -0.000000e+00 0.000000e+00 -1.000000e+00
    outer loop
      vertex 8.956663e+00 8.821543e-01 3.500000e+01
      vertex 6.966293e+00 6.861200e-01 3.500000e+01
      vertex 6.924236e+00 1.027113e+00 3.500000e+01
    endloop
  endfacet
  facet normal 0.000000e+00 0.000000e+00 -1.000000e+00
    outer loop
      vertex 8.956663e+00 8.821543e-01 3.500000e+01
      vertex 6.924236e+00 1.027113e+00 3.500000e+01
      vertex 8.902589e+00 1.320574e+00 3.500000e+01
    endloop
  endfacet
  facet normal 0.000000e+00 0.000000e+00 1.000000e+00
    outer loop
      vertex 2.388443e+01 2.352411e+00 0.000000e+00
      vertex 2.374024e+01 3.521531e+00 0.000000e+00
      vertex 1.879435e+01 2.787879e+00 0.000000e+00
    endloop
  endfacet
  facet normal 0.000000e+00 0.000000e+00 1.000000e+00
    outer loop
      vertex 2.388443e+01 2.352411e+00 0.000000e+00
      vertex 1.879435e+01 2.787879e+00 0.000000e+00
      vertex 1.890851e+01 1.862326e+00 0.000000e+00
    endloop
  endfacet
  facet normal 9.056554e-01 1.571461e-01 3.938191e-01
    outer loop
      vertex 8.902589e+00 1.320574e+00 3.500000e+01
      vertex 2.374024e+01 3.521531e+00 0.000000e+00
      vertex 2.353885e+01 4.682168e+00 0.000000e+00
    endloop
  endfacet
  facet normal 9.056554e-01 1.571461e-01 3.938191e-01
    outer loop
      vertex 8.902589e+00 1.320574e+00 3.500000e+01
      vertex 2.353885e+01 4.682168e+00 0.000000e+00
      vertex 8.827068e+00 1.755813e+00 3.500000e+01
    endloop
  endfacet
  facet normal -9.320489e-01 -1.617258e-01 -3.242369e-01
    outer loop
      vertex 6.924236e+00 1.027113e+00 3.500000e+01
      vertex 6.865497e+00 1.365632e+00 3.500000e+01
      vertex 1.863492e+01 3.706716e+00 0.000000e+00
    endloop
  endfacet
  facet normal -9.320489e-01 -1.617258e-01 -3.242369e-01
    outer loop
      vertex 6.924236e+00 1.027113e+00 3.500000e+01
      vertex 1.863492e+01 3.706716e+00 0.000000e+00
      vertex 1.879435e+01 2.787879e+00 0.000000e+00
    endloop
  endfacet
  facet normal -0.000000e+00 0.000000e+00 -1.000000e+00
    outer loop
      vertex 8.902589e+00 1.320574e+00 3.500000e+01
      vertex 6.924236e+00 1.027113e+00 3.500000e+01
      vertex 6.865497e+00 1.365632e+00 3.500000e+01
    endloop
  endfacet
  facet normal 0.000000e+00 0.000000e+00 -1.000000e+00
    outer loop
      vertex 8.902589e+00 1.320574e+00 3.500000e+01
      vertex 6.865497e+00 1.365632e+00 3.500000e+01
      vertex 8.827068e+00 1.755813e+00 3.500000e+01
    endloop
  endfacet
  facet normal 0.000000e+00 0.000000e+00 1.000000e+00
    outer loop
      vertex 2.374024e+01 3.521531e+00 0.000000e+00
      vertex 2.353885e+01 4.682168e+00 0.000000e+00
      vertex 1.863492e+01 3.706716e+00 0.000000e+00
    endloop
  endfacet
  facet normal 0.000000e+00 0.000000e+00 1.000000e+00
    outer loop
      vertex 2.374024e+01 3.521531e+00 0.000000e+00
      vertex 1.863492e+01 3.706716e+00 0.000000e+00
      vertex 1.879435e+01 2.787879e+00 0.000000e+00
    endloop
  endfacet
  facet normal 8.968537e-01 2.013952e-01 3.938191e-01
    outer loop
      vertex 8.827068e+00 1.755813e+00 3.500000e+01
      vertex 2.353885e+01 4.682168e+00 0.000000e+00
      vertex 2.328075e+01 5.831524e+00 0.000000e+00
    endloop
  endfacet
  facet normal 8.968537e-01 2.013952e-01 3.938191e-01
    outer loop
      vertex 8.827068e+00 1.755813e+00 3.500000e+01
      vertex 2.328075e+01 5.831524e+00 0.000000e+00
      vertex 8.730281e+00 2.186822e+00 3.500000e+01
    endloop
  endfacet
  facet normal -9.229907e-01 -2.072645e-01 -3.242369e-01
    outer loop
      vertex 6.865497e+00 1.365632e+00 3.500000e+01
      vertex 6.790219e+00 1.700861e+00 3.500000e+01
      vertex 1.843059e+01 4.616623e+00 0.000000e+00
    endloop
  endfacet
  facet normal -9.229907e-01 -2.072645e-01 -3.242369e-01
    outer loop
      vertex 6.865497e+00 1.365632e+00 3.500000e+01
      vertex 1.843059e+01 4.616623e+00 0.000000e+00
      vertex 1.863492e+01 3.706716e+00 0.000000e+00
    endloop
  endfacet
  facet normal 0.000000e+00 0.000000e+00 -1.000000e+00
    outer loop
      vertex 8.827068e+00 1.755813e+00 3.500000e+01
      vertex 6.865497e+00 1.365632e+00 3.500000e+01
      vertex 6.790219e+00 1.700861e+00 3.500000e+01
    endloop
  endfacet
  facet normal -0.000000e+00 0.000000e+00 -1.000000e+00
    outer loop
      vertex 8.827068e+00 1.755813e+00 3.500000e+01
      vertex 6.790219e+00 1.700861e+00 3.500000e+01
      vertex 8.730281e+00 2.186822e+00 3.500000e+01
    endloop
  endfacet
  facet normal 0.000000e+00 0.000000e+00 1.000000e+00
    outer loop
      vertex 2.353885e+01 4.682168e+00 0.000000e+00
      vertex 2.328075e+01 5.831524e+00 0.000000e+00
      vertex 1.843059e+01 4.616623e+00 0.000000e+00
    endloop
  endfacet
  facet normal 0.000000e+00 0.000000e+00 1.000000e+00
    outer loop
      vertex 2.353885e+01 4.682168e+00 0.000000e+00
      vertex 1.843059e+01 4.616623e+00 0.000000e+00
      vertex 1.863492e+01 3.706716e+00 0.000000e+00
    endloop
  endfacet
  facet normal 8.858914e-01 2.451592e-01 3.938191e-01
    outer loop
      vertex 8.730281e+00 2.186822e+00 3.500000e+01
      vertex 2.328075e+01 5.831524e+00 0.000000e+00
      vertex 2.296657e+01 6.966832e+00 0.000000e+00
    endloop
  endfacet
  facet normal 8.858914e-01 2.451592e-01 3.938191e-01
    outer loop
      vertex 8.730281e+00 2.186822e+00 3.500000e+01
      vertex 2.296657e+01 6.966832e+00 0.000000e+00
      vertex 8.612463e+00 2.612562e+00 3.500000e+01
    endloop
  endfacet
  facet normal -9.117089e-01 -2.523038e-01 -3.242369e-01
    outer loop
      vertex 6.790219e+00 1.700861e+00 3.500000e+01
      vertex 6.698582e+00 2.031993e+00 3.500000e+01
      vertex 1.818187e+01 5.515409e+00 0.000000e+00
    endloop
  endfacet
  facet normal -9.117089e-01 -2.523038e-01 -3.242369e-01
    outer loop
      vertex 6.790219e+00 1.700861e+00 3.500000e+01
      vertex 1.818187e+01 5.515409e+00 0.000000e+00
      vertex 1.843059e+01 4.616623e+00 0.000000e+00
    endloop
  endfacet
  facet normal 0.000000e+00 0.000000e+00 -1.000000e+00
    outer loop
      vertex 8.730281e+00 2.186822e+00 3.500000e+01
      vertex 6.790219e+00 1.700861e+00 3.500000e+01
      vertex 6.698582e+00 2.031993e+00 3.500000e+01
    endloop
  endfacet
  facet normal -0.000000e+00 0.000000e+00 -1.000000e+00
    outer loop
      vertex 8.730281e+00 2.186822e+00 3.500000e+01
      vertex 6.698582e+00 2.031993e+00 3.500000e+01
      vertex 8.612463e+00 2.612562e+00 3.500000e+01
    endloop
  endfacet
  facet normal 0.000000e+00 0.000000e+00 1.000000e+00
    outer loop
      vertex 2.328075e+01 5.831524e+00 0.000000e+00
      vertex 2.296657e+01 6.966832e+00 0.000000e+00
      vertex 1.818187e+01 5.515409e+00 0.000000e+00
    endloop
  endfacet
  facet normal 0.000000e+00 0.000000e+00 1.000000e+00
    outer loop
      vertex 2.328075e+01 5.831524e+00 0.000000e+00
      vertex 1.818187e+01 5.515409e+00 0.000000e+00
      vertex 1.843059e+01 4.616623e+00 0.000000e+00
    endloop
  endfacet
  facet normal 8.727949e-01 2.883325e-01 3.938191e-01
    outer loop
      vertex 8.612463e+00 2.612562e+00 3.500000e+01
      vertex 2.296657e+01 6.966832e+00 0.000000e+00
      vertex 2.259706e+01 8.085356e+00 0.000000e+00
    endloop
  endfacet
  facet normal 8.727949e-01 2.883325e-01 3.938191e-01
    outer loop
      vertex 8.612463e+00 2.612562e+00 3.500000e+01
      vertex 2.259706e+01 8.085356e+00 0.000000e+00
      vertex 8.473897e+00 3.032009e+00 3.500000e+01
    endloop
  endfacet
  facet normal -8.982308e-01 -2.967354e-01 -3.242369e-01
    outer loop
      vertex 6.698582e+00 2.031993e+00 3.500000e+01
      vertex 6.590808e+00 2.358229e+00 3.500000e+01
      vertex 1.788934e+01 6.400907e+00 0.000000e+00
    endloop
  endfacet
  facet normal -8.982308e-01 -2.967354e-01 -3.242369e-01
    outer loop
      vertex 6.698582e+00 2.031993e+00 3.500000e+01
      vertex 1.788934e+01 6.400907e+00 0.000000e+00
      vertex 1.818187e+01 5.515409e+00 0.000000e+00
    endloop
  endfacet
  facet normal 0.000000e+00 0.000000e+00 -1.000000e+00
    outer loop
      vertex 8.612463e+00 2.612562e+00 3.500000e+01
      vertex 6.698582e+00 2.031993e+00 3.500000e+01
      vertex 6.590808e+00 2.358229e+00 3.500000e+01
    endloop
  endfacet
  facet normal -0.000000e+00 0.000000e+00 -1.000000e+00
    outer loop
      vertex 8.612463e+00 2.612562e+00 3.500000e+01
      vertex 6.590808e+00 2.358229e+00 3.500000e+01
      vertex 8.473897e+00 3.032009e+00 3.500000e+01
    endloop
  endfacet
  facet normal 0.000000e+00 0.000000e+00 1.000000e+00
    outer loop
      vertex 2.296657e+01 6.966832e+00 0.000000e+00
      vertex 2.259706e+01 8.085356e+00 0.000000e+00
      vertex 1.788934e+01 6.400907e+00 0.000000e+00
    endloop
  endfacet
  facet normal 0.000000e+00 0.000000e+00 1.000000e+00
    outer loop
      vertex 2.296657e+01 6.966832e+00 0.000000e+00
      vertex 1.788934e+01 6.400907e+00 0.000000e+00
      vertex 1.818187e+01 5.515409e+00 0.000000e+00
    endloop
  endfacet
  facet normal 8.575958e-01 3.308112e-01 3.938191e-01
    outer loop
      vertex 8.473897e+00 3.032009e+00 3.500000e+01
      vertex 2.259706e+01 8.085356e+00 0.000000e+00
      vertex 2.217311e+01 9.184402e+00 0.000000e+00
    endloop
  endfacet
  facet normal 8.575958e-01 3.308112e-01 3.938191e-01
    outer loop
      vertex 8.473897e+00 3.032009e+00 3.500000e+01
      vertex 2.217311e+01 9.184402e+00 0.000000e+00
      vertex 8.314916e+00 3.444151e+00 3.500000e+01
    endloop
  endfacet
  facet normal -8.825887e-01 -3.404520e-01 -3.242369e-01
    outer loop
      vertex 6.590808e+00 2.358229e+00 3.500000e+01
      vertex 6.467157e+00 2.678784e+00 3.500000e+01
      vertex 1.755371e+01 7.270985e+00 0.000000e+00
    endloop
  endfacet
  facet normal -8.825887e-01 -3.404520e-01 -3.242369e-01
    outer loop
      vertex 6.590808e+00 2.358229e+00 3.500000e+01
      vertex 1.755371e+01 7.270985e+00 0.000000e+00
      vertex 1.788934e+01 6.400907e+00 0.000000e+00
    endloop
  endfacet
  facet normal 0.000000e+00 0.000000e+00 -1.000000e+00
    outer loop
      vertex 8.473897e+00 3.032009e+00 3.500000e+01
      vertex 6.590808e+00 2.358229e+00 3.500000e+01
      vertex 6.467157e+00 2.678784e+00 3.500000e+01
    endloop
  endfacet
  facet normal -0.000000e+00 0.000000e+00 -1.000000e+00
    outer loop
      vertex 8.473897e+00 3.032009e+00 3.500000e+01
      vertex 6.467157e+00 2.678784e+00 3.500000e+01
      vertex 8.314916e+00 3.444151e+00 3.500000e+01
    endloop
  endfacet
  facet normal 0.000000e+00 0.000000e+00 1.000000e+00
    outer loop
      vertex 2.259706e+01 8.085356e+00 0.000000e+00
      vertex 2.217311e+01 9.184402e+00 0.000000e+00
      vertex 1.755371e+01 7.270985e+00 0.000000e+00
    endloop
  endfacet
  facet normal 0.000000e+00 0.000000e+00 1.000000e+00
    outer loop
      vertex 2.259706e+01 8.085356e+00 0.000000e+00
      vertex 1.755371e+01 7.270985e+00 0.000000e+00
      vertex 1.788934e+01 6.400907e+00 0.000000e+00
    endloop
  endfacet
  facet normal 8.403306e-01 3.724929e-01 3.938191e-01
    outer loop
      vertex 8.314916e+00 3.444151e+00 3.500000e+01
      vertex 2.217311e+01 9.184402e+00 0.000000e+00
      vertex 2.169574e+01 1.026132e+01 0.000000e+00
    endloop
  endfacet
  facet normal 8.403306e-01 3.724929e-01 3.938191e-01
    outer loop
      vertex 8.314916e+00 3.444151e+00 3.500000e+01
      vertex 2.169574e+01 1.026132e+01 0.000000e+00
      vertex 8.135904e+00 3.847996e+00 3.500000e+01
    endloop
  endfacet
  facet normal -8.648204e-01 -3.833485e-01 -3.242369e-01
    outer loop
      vertex 6.467157e+00 2.678784e+00 3.500000e+01
      vertex 6.327925e+00 2.992886e+00 3.500000e+01
      vertex 1.717580e+01 8.123547e+00 0.000000e+00
    endloop
  endfacet
  facet normal -8.648204e-01 -3.833485e-01 -3.242369e-01
    outer loop
      vertex 6.467157e+00 2.678784e+00 3.500000e+01
      vertex 1.717580e+01 8.123547e+00 0.000000e+00
      vertex 1.755371e+01 7.270985e+00 0.000000e+00
    endloop
  endfacet
  facet normal 0.000000e+00 0.000000e+00 -1.000000e+00
    outer loop
      vertex 8.314916e+00 3.444151e+00 3.500000e+01
      vertex 6.467157e+00 2.678784e+00 3.500000e+01
      vertex 6.327925e+00 2.992886e+00 3.500000e+01
    endloop
  endfacet
  facet normal -0.000000e+00 0.000000e+00 -1.000000e+00
    outer loop
      vertex 8.314916e+00 3.444151e+00 3.500000e+01
      vertex 6.327925e+00 2.992886e+00 3.500000e+01
      vertex 8.135904e+00 3.847996e+00 3.500000e+01
    endloop
  endfacet
  facet normal 0.000000e+00 0.000000e+00 1.000000e+00
    outer loop
      vertex 2.217311e+01 9.184402e+00 0.000000e+00
      vertex 2.169574e+01 1.026132e+01 0.000000e+00
      vertex 1.717580e+01 8.123547e+00 0.000000e+00
    endloop
  endfacet
  facet normal 0.000000e+00 0.000000e+00 1.000000e+00
    outer loop
      vertex 2.217311e+01 9.184402e+00 0.000000e+00
      vertex 1.717580e+01 8.123547e+00 0.000000e+00
      vertex 1.755371e+01 7.270985e+00 0.000000e+00
    endloop
  endfacet
  facet normal 8.210410e-01 4.132773e-01 3.938191e-01
    outer loop
      vertex 8.135904e+00 3.847996e+00 3.500000e+01
      vertex 2.169574e+01 1.026132e+01 0.000000e+00
      vertex 2.116611e+01 1.131352e+01 0.000000e+00
    endloop
  endfacet
  facet normal 8.210410e-01 4.132773e-01 3.938191e-01
    outer loop
      vertex 8.135904e+00 3.847996e+00 3.500000e+01
      vertex 2.116611e+01 1.131352e+01 0.000000e+00
      vertex 7.937291e+00 4.242571e+00 3.500000e+01
    endloop
  endfacet
  facet normal -8.449687e-01 -4.253215e-01 -3.242369e-01
    outer loop
      vertex 6.327925e+00 2.992886e+00 3.500000e+01
      vertex 6.173449e+00 3.299777e+00 3.500000e+01
      vertex 1.675650e+01 8.956538e+00 0.000000e+00
    endloop
  endfacet
  facet normal -8.449687e-01 -4.253215e-01 -3.242369e-01
    outer loop
      vertex 6.327925e+00 2.992886e+00 3.500000e+01
      vertex 1.675650e+01 8.956538e+00 0.000000e+00
      vertex 1.717580e+01 8.123547e+00 0.000000e+00
    endloop
  endfacet
  facet normal 0.000000e+00 0.000000e+00 -1.000000e+00
    outer loop
      vertex 8.135904e+00 3.847996e+00 3.500000e+01
      vertex 6.327925e+00 2.992886e+00 3.500000e+01
      vertex 6.173449e+00 3.299777e+00 3.500000e+01
    endloop
  endfacet
  facet normal -0.000000e+00 0.000000e+00 -1.000000e+00
    outer loop
      vertex 8.135904e+00 3.847996e+00 3.500000e+01
      vertex 6.173449e+00 3.299777e+00 3.500000e+01
      vertex 7.937291e+00 4.242571e+00 3.500000e+01
    endloop
  endfacet
  facet normal 0.000000e+00 0.000000e+00 1.000000e+00
    outer loop
      vertex 2.169574e+01 1.026132e+01 0.000000e+00
      vertex 2.116611e+01 1.131352e+01 0.000000e+00
      vertex 1.675650e+01 8.956538e+00 0.000000e+00
    endloop
  endfacet
  facet normal 0.000000e+00 0.000000e+00 1.000000e+00
    outer loop
      vertex 2.169574e+01 1.026132e+01 0.000000e+00
      vertex 1.675650e+01 8.956538e+00 0.000000e+00
      vertex 1.717580e+01 8.123547e+00 0.000000e+00
    endloop
  endfacet
  facet normal 7.997735e-01 4.530661e-01 3.938191e-01
    outer loop
      vertex 7.937291e+00 4.242571e+00 3.500000e+01
      vertex 2.116611e+01 1.131352e+01 0.000000e+00
      vertex 2.058549e+01 1.233847e+01 0.000000e+00
    endloop
  endfacet
  facet normal 7.997735e-01 4.530661e-01 3.938191e-01
    outer loop
      vertex 7.937291e+00 4.242571e+00 3.500000e+01
      vertex 2.058549e+01 1.233847e+01 0.000000e+00
      vertex 7.719557e+00 4.626925e+00 3.500000e+01
    endloop
  endfacet
  facet normal -8.230813e-01 -4.662698e-01 -3.242369e-01
    outer loop
      vertex 6.173449e+00 3.299777e+00 3.500000e+01
      vertex 6.004100e+00 3.598719e+00 3.500000e+01
      vertex 1.629684e+01 9.767952e+00 0.000000e+00
    endloop
  endfacet
  facet normal -8.230813e-01 -4.662698e-01 -3.242369e-01
    outer loop
      vertex 6.173449e+00 3.299777e+00 3.500000e+01
      vertex 1.629684e+01 9.767952e+00 0.000000e+00
      vertex 1.675650e+01 8.956538e+00 0.000000e+00
    endloop
  endfacet
  facet normal 0.000000e+00 0.000000e+00 -1.000000e+00
    outer loop
      vertex 7.937291e+00 4.242571e+00 3.500000e+01
      vertex 6.173449e+00 3.299777e+00 3.500000e+01
      vertex 6.004100e+00 3.598719e+00 3.500000e+01
    endloop
  endfacet
  facet normal -0.000000e+00 0.000000e+00 -1.000000e+00
    outer loop
      vertex 7.937291e+00 4.242571e+00 3.500000e+01
      vertex 6.004100e+00 3.598719e+00 3.500000e+01
      vertex 7.719557e+00 4.626925e+00 3.500000e+01
    endloop
  endfacet
  facet normal 0.000000e+00 0.000000e+00 1.000000e+00
    outer loop
      vertex 2.116611e+01 1.131352e+01 0.000000e+00
      vertex 2.058549e+01 1.233847e+01 0.000000e+00
      vertex 1.629684e+01 9.767952e+00 0.000000e+00
    endloop
  endfacet
  facet normal 0.000000e+00 0.000000e+00 1.000000e+00
    outer loop
      vertex 2.116611e+01 1.131352e+01 0.000000e+00
      vertex 1.629684e+01 9.767952e+00 0.000000e+00
      vertex 1.675650e+01 8.956538e+00 0.000000e+00
    endloop
  endfacet
  facet normal 7.765792e-01 4.917634e-01 3.938191e-01
    outer loop
      vertex 7.719557e+00 4.626925e+00 3.500000e+01
      vertex 2.058549e+01 1.233847e+01 0.000000e+00
      vertex 1.995527e+01 1.333369e+01 0.000000e+00
    endloop
  endfacet
  facet normal 7.765792e-01 4.917634e-01 3.938191e-01
    outer loop
      vertex 7.719557e+00 4.626925e+00 3.500000e+01
      vertex 1.995527e+01 1.333369e+01 0.000000e+00
      vertex 7.483227e+00 5.000132e+00 3.500000e+01
    endloop
  endfacet
  facet normal -7.992111e-01 -5.060949e-01 -3.242369e-01
    outer loop
      vertex 6.004100e+00 3.598719e+00 3.500000e+01
      vertex 5.820287e+00 3.888992e+00 3.500000e+01
      vertex 1.579792e+01 1.055583e+01 0.000000e+00
    endloop
  endfacet
  facet normal -7.992111e-01 -5.060949e-01 -3.242369e-01
    outer loop
      vertex 6.004100e+00 3.598719e+00 3.500000e+01
      vertex 1.579792e+01 1.055583e+01 0.000000e+00
      vertex 1.629684e+01 9.767952e+00 0.000000e+00
    endloop
  endfacet
  facet normal 0.000000e+00 0.000000e+00 -1.000000e+00
    outer loop
      vertex 7.719557e+00 4.626925e+00 3.500000e+01
      vertex 6.004100e+00 3.598719e+00 3.500000e+01
      vertex 5.820287e+00 3.888992e+00 3.500000e+01
    endloop
  endfacet
  facet normal -0.000000e+00 0.000000e+00 -1.000000e+00
    outer loop
      vertex 7.719557e+00 4.626925e+00 3.500000e+01
      vertex 5.820287e+00 3.888992e+00 3.500000e+01
      vertex 7.483227e+00 5.000132e+00 3.500000e+01
    endloop
  endfacet
  facet normal 0.000000e+00 0.000000e+00 1.000000e+00
    outer loop
      vertex 2.058549e+01 1.233847e+01 0.000000e+00
      vertex 1.995527e+01 1.333369e+01 0.000000e+00
      vertex 1.579792e+01 1.055583e+01 0.000000e+00
    endloop
  endfacet
  facet normal 0.000000e+00 0.000000e+00 1.000000e+00
    outer loop
      vertex 2.058549e+01 1.233847e+01 0.000000e+00
      vertex 1.579792e+01 1.055583e+01 0.000000e+00
      vertex 1.629684e+01 9.767952e+00 0.000000e+00
    endloop
  endfacet
  facet normal 7.515141e-01 5.292760e-01 3.938191e-01
    outer loop
      vertex 7.483227e+00 5.000132e+00 3.500000e+01
      vertex 1.995527e+01 1.333369e+01 0.000000e+00
      vertex 1.927698e+01 1.429678e+01 0.000000e+00
    endloop
  endfacet
  facet normal 7.515141e-01 5.292760e-01 3.938191e-01
    outer loop
      vertex 7.483227e+00 5.000132e+00 3.500000e+01
      vertex 1.927698e+01 1.429678e+01 0.000000e+00
      vertex 7.228868e+00 5.361294e+00 3.500000e+01
    endloop
  endfacet
  facet normal -7.734155e-01 -5.447007e-01 -3.242369e-01
    outer loop
      vertex 5.820287e+00 3.888992e+00 3.500000e+01
      vertex 5.622453e+00 4.169895e+00 3.500000e+01
      vertex 1.526094e+01 1.131829e+01 0.000000e+00
    endloop
  endfacet
  facet normal -7.734155e-01 -5.447007e-01 -3.242369e-01
    outer loop
      vertex 5.820287e+00 3.888992e+00 3.500000e+01
      vertex 1.526094e+01 1.131829e+01 0.000000e+00
      vertex 1.579792e+01 1.055583e+01 0.000000e+00
    endloop
  endfacet
  facet normal 0.000000e+00 0.000000e+00 -1.000000e+00
    outer loop
      vertex 7.483227e+00 5.000132e+00 3.500000e+01
      vertex 5.820287e+00 3.888992e+00 3.500000e+01
      vertex 5.622453e+00 4.169895e+00 3.500000e+01
    endloop
  endfacet
  facet normal -0.000000e+00 0.000000e+00 -1.000000e+00
    outer loop
      vertex 7.483227e+00 5.000132e+00 3.500000e+01
      vertex 5.622453e+00 4.169895e+00 3.500000e+01
      vertex 7.228868e+00 5.361294e+00 3.500000e+01
    endloop
  endfacet
  facet normal 0.000000e+00 0.000000e+00 1.000000e+00
    outer loop
      vertex 1.995527e+01 1.333369e+01 0.000000e+00
      vertex 1.927698e+01 1.429678e+01 0.000000e+00
      vertex 1.526094e+01 1.131829e+01 0.000000e+00
    endloop
  endfacet
  facet normal 0.000000e+00 0.000000e+00 1.000000e+00
    outer loop
      vertex 1.995527e+01 1.333369e+01 0.000000e+00
      vertex 1.526094e+01 1.131829e+01 0.000000e+00
      vertex 1.579792e+01 1.055583e+01 0.000000e+00
    endloop
  endfacet
  facet normal 7.246386e-01 5.655135e-01 3.938191e-01
    outer loop
      vertex 7.228868e+00 5.361294e+00 3.500000e+01
      vertex 1.927698e+01 1.429678e+01 0.000000e+00
      vertex 1.855225e+01 1.522544e+01 0.000000e+00
    endloop
  endfacet
  facet normal 7.246386e-01 5.655135e-01 3.938191e-01
    outer loop
      vertex 7.228868e+00 5.361294e+00 3.500000e+01
      vertex 1.855225e+01 1.522544e+01 0.000000e+00
      vertex 6.957094e+00 5.709540e+00 3.500000e+01
    endloop
  endfacet
  facet normal -7.457567e-01 -5.819943e-01 -3.242369e-01
    outer loop
      vertex 5.622453e+00 4.169895e+00 3.500000e+01
      vertex 5.411073e+00 4.440753e+00 3.500000e+01
      vertex 1.468720e+01 1.205347e+01 0.000000e+00
    endloop
  endfacet
  facet normal -7.457567e-01 -5.819943e-01 -3.242369e-01
    outer loop
      vertex 5.622453e+00 4.169895e+00 3.500000e+01
      vertex 1.468720e+01 1.205347e+01 0.000000e+00
      vertex 1.526094e+01 1.131829e+01 0.000000e+00
    endloop
  endfacet
  facet normal 0.000000e+00 0.000000e+00 -1.000000e+00
    outer loop
      vertex 7.228868e+00 5.361294e+00 3.500000e+01
      vertex 5.622453e+00 4.169895e+00 3.500000e+01
      vertex 5.411073e+00 4.440753e+00 3.500000e+01
    endloop
  endfacet
  facet normal -0.000000e+00 0.000000e+00 -1.000000e+00
    outer loop
      vertex 7.228868e+00 5.361294e+00 3.500000e+01
      vertex 5.411073e+00 4.440753e+00 3.500000e+01
      vertex 6.957094e+00 5.709540e+00 3.500000e+01
    endloop
  endfacet
  facet normal 0.000000e+00 0.000000e+00 1.000000e+00
    outer loop
      vertex 1.927698e+01 1.429678e+01 0.000000e+00
      vertex 1.855225e+01 1.522544e+01 0.000000e+00
      vertex 1.468720e+01 1.205347e+01 0.000000e+00
    endloop
  endfacet
  facet normal 0.000000e+00 0.000000e+00 1.000000e+00
    outer loop
      vertex 1.927698e+01 1.429678e+01 0.000000e+00
      vertex 1.468720e+01 1.205347e+01 0.000000e+00
      vertex 1.526094e+01 1.131829e+01 0.000000e+00
    endloop
  endfacet
  facet normal 6.960173e-01 6.003886e-01 3.938191e-01
    outer loop
      vertex 6.957094e+00 5.709540e+00 3.500000e+01
      vertex 1.855225e+01 1.522544e+01 0.000000e+00
      vertex 1.778283e+01 1.611741e+01 0.000000e+00
    endloop
  endfacet
  facet normal 6.960173e-01 6.003886e-01 3.938191e-01
    outer loop
      vertex 6.957094e+00 5.709540e+00 3.500000e+01
      vertex 1.778283e+01 1.611741e+01 0.000000e+00
      vertex 6.668560e+00 6.044031e+00 3.500000e+01
    endloop
  endfacet
  facet normal -7.163013e-01 -6.178858e-01 -3.242369e-01
    outer loop
      vertex 5.411073e+00 4.440753e+00 3.500000e+01
      vertex 5.186658e+00 4.700913e+00 3.500000e+01
      vertex 1.407807e+01 1.275962e+01 0.000000e+00
    endloop
  endfacet
  facet normal -7.163013e-01 -6.178858e-01 -3.242369e-01
    outer loop
      vertex 5.411073e+00 4.440753e+00 3.500000e+01
      vertex 1.407807e+01 1.275962e+01 0.000000e+00
      vertex 1.468720e+01 1.205347e+01 0.000000e+00
    endloop
  endfacet
  facet normal 0.000000e+00 0.000000e+00 -1.000000e+00
    outer loop
      vertex 6.957094e+00 5.709540e+00 3.500000e+01
      vertex 5.411073e+00 4.440753e+00 3.500000e+01
      vertex 5.186658e+00 4.700913e+00 3.500000e+01
    endloop
  endfacet
  facet normal -0.000000e+00 0.000000e+00 -1.000000e+00
    outer loop
      vertex 6.957094e+00 5.709540e+00 3.500000e+01
      vertex 5.186658e+00 4.700913e+00 3.500000e+01
      vertex 6.668560e+00 6.044031e+00 3.500000e+01
    endloop
  endfacet
  facet normal 0.000000e+00 0.000000e+00 1.000000e+00
    outer loop
      vertex 1.855225e+01 1.522544e+01 0.000000e+00
      vertex 1.778283e+01 1.611741e+01 0.000000e+00
      vertex 1.407807e+01 1.275962e+01 0.000000e+00
    endloop
  endfacet
  facet normal 0.000000e+00 0.000000e+00 1.000000e+00
    outer loop
      vertex 1.855225e+01 1.522544e+01 0.000000e+00
      vertex 1.407807e+01 1.275962e+01 0.000000e+00
      vertex 1.468720e+01 1.205347e+01 0.000000e+00
    endloop
  endfacet
  facet normal 6.657192e-01 6.338174e-01 3.938191e-01
    outer loop
      vertex 6.668560e+00 6.044031e+00 3.500000e+01
      vertex 1.778283e+01 1.611741e+01 0.000000e+00
      vertex 1.697056e+01 1.697056e+01 0.000000e+00
    endloop
  endfacet
  facet normal 6.657192e-01 6.338174e-01 3.938191e-01
    outer loop
      vertex 6.668560e+00 6.044031e+00 3.500000e+01
      vertex 1.697056e+01 1.697056e+01 0.000000e+00
      vertex 6.363961e+00 6.363961e+00 3.500000e+01
    endloop
  endfacet
  facet normal -6.851203e-01 -6.522887e-01 -3.242369e-01
    outer loop
      vertex 5.186658e+00 4.700913e+00 3.500000e+01
      vertex 4.949747e+00 4.949747e+00 3.500000e+01
      vertex 1.343503e+01 1.343503e+01 0.000000e+00
    endloop
  endfacet
  facet normal -6.851203e-01 -6.522887e-01 -3.242369e-01
    outer loop
      vertex 5.186658e+00 4.700913e+00 3.500000e+01
      vertex 1.343503e+01 1.343503e+01 0.000000e+00
      vertex 1.407807e+01 1.275962e+01 0.000000e+00
    endloop
  endfacet
  facet normal 0.000000e+00 0.000000e+00 -1.000000e+00
    outer loop
      vertex 6.668560e+00 6.044031e+00 3.500000e+01
      vertex 5.186658e+00 4.700913e+00 3.500000e+01
      vertex 4.949747e+00 4.949747e+00 3.500000e+01
    endloop
  endfacet
  facet normal -0.000000e+00 0.000000e+00 -1.000000e+00
    outer loop
      vertex 6.668560e+00 6.044031e+00 3.500000e+01
      vertex 4.949747e+00 4.949747e+00 3.500000e+01
      vertex 6.363961e+00 6.363961e+00 3.500000e+01
    endloop
  endfacet
  facet normal 0.000000e+00 0.000000e+00 1.000000e+00
    outer loop
      vertex 1.778283e+01 1.611741e+01 0.000000e+00
      vertex 1.697056e+01 1.697056e+01 0.000000e+00
      vertex 1.343503e+01 1.343503e+01 0.000000e+00
    endloop
  endfacet
  facet normal 0.000000e+00 0.000000e+00 1.000000e+00
    outer loop
      vertex 1.778283e+01 1.611741e+01 0.000000e+00
      vertex 1.343503e+01 1.343503e+01 0.000000e+00
      vertex 1.407807e+01 1.275962e+01 0.000000e+00
    endloop
  endfacet
  facet normal 6.338174e-01 6.657192e-01 3.938191e-01
    outer loop
      vertex 6.363961e+00 6.363961e+00 3.500000e+01
      vertex 1.697056e+01 1.697056e+01 0.000000e+00
      vertex 1.611741e+01 1.778283e+01 0.000000e+00
    endloop
  endfacet
  facet normal 6.338174e-01 6.657192e-01 3.938191e-01
    outer loop
      vertex 6.363961e+00 6.363961e+00 3.500000e+01
      vertex 1.611741e+01 1.778283e+01 0.000000e+00
      vertex 6.044031e+00 6.668560e+00 3.500000e+01
    endloop
  endfacet
  facet normal -6.522887e-01 -6.851203e-01 -3.242369e-01
    outer loop
      vertex 4.949747e+00 4.949747e+00 3.500000e+01
      vertex 4.700913e+00 5.186658e+00 3.500000e+01
      vertex 1.275962e+01 1.407807e+01 0.000000e+00
    endloop
  endfacet
  facet normal -6.522887e-01 -6.851203e-01 -3.242369e-01
    outer loop
      vertex 4.949747e+00 4.949747e+00 3.500000e+01
      vertex 1.275962e+01 1.407807e+01 0.000000e+00
      vertex 1.343503e+01 1.343503e+01 0.000000e+00
    endloop
  endfacet
  facet normal 0.000000e+00 0.000000e+00 -1.000000e+00
    outer loop
      vertex 6.363961e+00 6.363961e+00 3.500000e+01
      vertex 4.949747e+00 4.949747e+00 3.500000e+01
      vertex 4.700913e+00 5.186658e+00 3.500000e+01
    endloop
  endfacet
  facet normal -0.000000e+00 0.000000e+00 -1.000000e+00
    outer loop
      vertex 6.363961e+00 6.363961e+00 3.500000e+01
      vertex 4.700913e+00 5.186658e+00 3.500000e+01
      vertex 6.044031e+00 6.668560e+00 3.500000e+01
    endloop
  endfacet
  facet normal 0.000000e+00 0.000000e+00 1.000000e+00
    outer loop
      vertex 1.697056e+01 1.697056e+01 0.000000e+00
      vertex 1.611741e+01 1.778283e+01 0.000000e+00
      vertex 1.275962e+01 1.407807e+01 0.000000e+00
    endloop
  endfacet
  facet normal 0.000000e+00 0.000000e+00 1.000000e+00
    outer loop
      vertex 1.697056e+01 1.697056e+01 0.000000e+00
      vertex 1.275962e+01 1.407807e+01 0.000000e+00
      vertex 1.343503e+01 1.343503e+01 0.000000e+00
    endloop
  endfacet
  facet normal 6.003886e-01 6.960173e-01 3.938191e-01
    outer loop
      vertex 6.044031e+00 6.668560e+00 3.500000e+01
      vertex 1.611741e+01 1.778283e+01 0.000000e+00
      vertex 1.522544e+01 1.855225e+01 0.000000e+00
    endloop
  endfacet
  facet normal 6.003886e-01 6.960173e-01 3.938191e-01
    outer loop
      vertex 6.044031e+00 6.668560e+00 3.500000e+01
      vertex 1.522544e+01 1.855225e+01 0.000000e+00
      vertex 5.709540e+00 6.957094e+00 3.500000e+01
    endloop
  endfacet
  facet normal -6.178858e-01 -7.163013e-01 -3.242369e-01
    outer loop
      vertex 4.700913e+00 5.186658e+00 3.500000e+01
      vertex 4.440753e+00 5.411073e+00 3.500000e+01
      vertex 1.205347e+01 1.468720e+01 0.000000e+00
    endloop
  endfacet
  facet normal -6.178858e-01 -7.163013e-01 -3.242369e-01
    outer loop
      vertex 4.700913e+00 5.186658e+00 3.500000e+01
      vertex 1.205347e+01 1.468720e+01 0.000000e+00
      vertex 1.275962e+01 1.407807e+01 0.000000e+00
    endloop
  endfacet
  facet normal 0.000000e+00 0.000000e+00 -1.000000e+00
    outer loop
      vertex 6.044031e+00 6.668560e+00 3.500000e+01
      vertex 4.700913e+00 5.186658e+00 3.500000e+01
      vertex 4.440753e+00 5.411073e+00 3.500000e+01
    endloop
  endfacet
  facet normal -0.000000e+00 0.000000e+00 -1.000000e+00
    outer loop
      vertex 6.044031e+00 6.668560e+00 3.500000e+01
      vertex 4.440753e+00 5.411073e+00 3.500000e+01
      vertex 5.709540e+00 6.957094e+00 3.500000e+01
    endloop
  endfacet
  facet normal 0.000000e+00 0.000000e+00 1.000000e+00
    outer loop
      vertex 1.611741e+01 1.778283e+01 0.000000e+00
      vertex 1.522544e+01 1.855225e+01 0.000000e+00
      vertex 1.205347e+01 1.468720e+01 0.000000e+00
    endloop
  endfacet
  facet normal 0.000000e+00 0.000000e+00 1.000000e+00
    outer loop
      vertex 1.611741e+01 1.778283e+01 0.000000e+00
      vertex 1.205347e+01 1.468720e+01 0.000000e+00
      vertex 1.275962e+01 1.407807e+01 0.000000e+00
    endloop
  endfacet
  facet normal 5.655135e-01 7.246386e-01 3.938191e-01
    outer loop
      vertex 5.709540e+00 6.957094e+00 3.500000e+01
      vertex 1.522544e+01 1.855225e+01 0.000000e+00
      vertex 1.429678e+01 1.927698e+01 0.000000e+00
    endloop
  endfacet
  facet normal 5.655135e-01 7.246386e-01 3.938191e-01
    outer loop
      vertex 5.709540e+00 6.957094e+00 3.500000e+01
      vertex 1.429678e+01 1.927698e+01 0.000000e+00
      vertex 5.361294e+00 7.228868e+00 3.500000e+01
    endloop
  endfacet
  facet normal -5.819943e-01 -7.457567e-01 -3.242369e-01
    outer loop
      vertex 4.440753e+00 5.411073e+00 3.500000e+01
      vertex 4.169895e+00 5.622453e+00 3.500000e+01
      vertex 1.131829e+01 1.526094e+01 0.000000e+00
    endloop
  endfacet
  facet normal -5.819943e-01 -7.457567e-01 -3.242369e-01
    outer loop
      vertex 4.440753e+00 5.411073e+00 3.500000e+01
      vertex 1.131829e+01 1.526094e+01 0.000000e+00
      vertex 1.205347e+01 1.468720e+01 0.000000e+00
    endloop
  endfacet
  facet normal 0.000000e+00 0.000000e+00 -1.000000e+00
    outer loop
      vertex 5.709540e+00 6.957094e+00 3.500000e+01
      vertex 4.440753e+00 5.411073e+00 3.500000e+01
      vertex 4.169895e+00 5.622453e+00 3.500000e+01
    endloop
  endfacet
  facet normal -0.000000e+00 0.000000e+00 -1.000000e+00
    outer loop
      vertex 5.709540e+00 6.957094e+00 3.500000e+01
      vertex 4.169895e+00 5.622453e+00 3.500000e+01
      vertex 5.361294e+00 7.228868e+00 3.500000e+01
    endloop
  endfacet
  facet normal 0.000000e+00 0.000000e+00 1.000000e+00
    outer loop
      vertex 1.522544e+01 1.855225e+01 0.000000e+00
      vertex 1.429678e+01 1.927698e+01 0.000000e+00
      vertex 1.131829e+01 1.526094e+01 0.000000e+00
    endloop
  endfacet
  facet normal 0.000000e+00 0.000000e+00 1.000000e+00
    outer loop
      vertex 1.522544e+01 1.855225e+01 0.000000e+00
      vertex 1.131829e+01 1.526094e+01 0.000000e+00
      vertex 1.205347e+01 1.468720e+01 0.000000e+00
    endloop
  endfacet
  facet normal 5.292760e-01 7.515141e-01 3.938191e-01
    outer loop
      vertex 5.361294e+00 7.228868e+00 3.500000e+01
      vertex 1.429678e+01 1.927698e+01 0.000000e+00
      vertex 1.333369e+01 1.995527e+01 0.000000e+00
    endloop
  endfacet
  facet normal 5.292760e-01 7.515141e-01 3.938191e-01
    outer loop
      vertex 5.361294e+00 7.228868e+00 3.500000e+01
      vertex 1.333369e+01 1.995527e+01 0.000000e+00
      vertex 5.000132e+00 7.483227e+00 3.500000e+01
    endloop
  endfacet
  facet normal -5.447007e-01 -7.734155e-01 -3.242369e-01
    outer loop
      vertex 4.169895e+00 5.622453e+00 3.500000e+01
      vertex 3.888992e+00 5.820287e+00 3.500000e+01
      vertex 1.055583e+01 1.579792e+01 0.000000e+00
    endloop
  endfacet
  facet normal -5.447007e-01 -7.734155e-01 -3.242369e-01
    outer loop
      vertex 4.169895e+00 5.622453e+00 3.500000e+01
      vertex 1.055583e+01 1.579792e+01 0.000000e+00
      vertex 1.131829e+01 1.526094e+01 0.000000e+00
    endloop
  endfacet
  facet normal 0.000000e+00 0.000000e+00 -1.000000e+00
    outer loop
      vertex 5.361294e+00 7.228868e+00 3.500000e+01
      vertex 4.169895e+00 5.622453e+00 3.500000e+01
      vertex 3.888992e+00 5.820287e+00 3.500000e+01
    endloop
  endfacet
  facet normal -0.000000e+00 0.000000e+00 -1.000000e+00
    outer loop
      vertex 5.361294e+00 7.228868e+00 3.500000e+01
      vertex 3.888992e+00 5.820287e+00 3.500000e+01
      vertex 5.000132e+00 7.483227e+00 3.500000e+01
    endloop
  endfacet
  facet normal 0.000000e+00 0.000000e+00 1.000000e+00
    outer loop
      vertex 1.429678e+01 1.927698e+01 0.000000e+00
      vertex 1.333369e+01 1.995527e+01 0.000000e+00
      vertex 1.055583e+01 1.579792e+01 0.000000e+00
    endloop
  endfacet
  facet normal 0.000000e+00 0.000000e+00 1.000000e+00
    outer loop
      vertex 1.429678e+01 1.927698e+01 0.000000e+00
      vertex 1.055583e+01 1.579792e+01 0.000000e+00
      vertex 1.131829e+01 1.526094e+01 0.000000e+00
    endloop
  endfacet
  facet normal 4.917634e-01 7.765792e-01 3.938191e-01
    outer loop
      vertex 5.000132e+00 7.483227e+00 3.500000e+01
      vertex 1.333369e+01 1.995527e+01 0.000000e+00
      vertex 1.233847e+01 2.058549e+01 0.000000e+00
    endloop
  endfacet
  facet normal 4.917634e-01 7.765792e-01 3.938191e-01
    outer loop
      vertex 5.000132e+00 7.483227e+00 3.500000e+01
      vertex 1.233847e+01 2.058549e+01 0.000000e+00
      vertex 4.626925e+00 7.719557e+00 3.500000e+01
    endloop
  endfacet
  facet normal -5.060949e-01 -7.992111e-01 -3.242369e-01
    outer loop
      vertex 3.888992e+00 5.820287e+00 3.500000e+01
      vertex 3.598719e+00 6.004100e+00 3.500000e+01
      vertex 9.767952e+00 1.629684e+01 0.000000e+00
    endloop
  endfacet
  facet normal -5.060949e-01 -7.992111e-01 -3.242369e-01
    outer loop
      vertex 3.888992e+00 5.820287e+00 3.500000e+01
      vertex 9.767952e+00 1.629684e+01 0.000000e+00
      vertex 1.055583e+01 1.579792e+01 0.000000e+00
    endloop
  endfacet
  facet normal 0.000000e+00 0.000000e+00 -1.000000e+00
    outer loop
      vertex 5.000132e+00 7.483227e+00 3.500000e+01
      vertex 3.888992e+00 5.820287e+00 3.500000e+01
      vertex 3.598719e+00 6.004100e+00 3.500000e+01
    endloop
  endfacet
  facet normal -0.000000e+00 0.000000e+00 -1.000000e+00
    outer loop
      vertex 5.000132e+00 7.483227e+00 3.500000e+01
      vertex 3.598719e+00 6.004100e+00 3.500000e+01
      vertex 4.626925e+00 7.719557e+00 3.500000e+01
    endloop
  endfacet
  facet normal 0.000000e+00 0.000000e+00 1.000000e+00
    outer loop
      vertex 1.333369e+01 1.995527e+01 0.000000e+00
      vertex 1.233847e+01 2.058549e+01 0.000000e+00
      vertex 9.767952e+00 1.629684e+01 0.000000e+00
    endloop
  endfacet
  facet normal 0.000000e+00 0.000000e+00 1.000000e+00
    outer loop
      vertex 1.333369e+01 1.995527e+01 0.000000e+00
      vertex 9.767952e+00 1.629684e+01 0.000000e+00
      vertex 1.055583e+01 1.579792e+01 0.000000e+00
    endloop
  endfacet
  facet normal 4.530661e-01 7.997735e-01 3.938191e-01
    outer loop
      vertex 4.626925e+00 7.719557e+00 3.500000e+01
      vertex 1.233847e+01 2.058549e+01 0.000000e+00
      vertex 1.131352e+01 2.116611e+01 0.000000e+00
    endloop
  endfacet
  facet normal 4.530661e-01 7.997735e-01 3.938191e-01
    outer loop
      vertex 4.626925e+00 7.719557e+00 3.500000e+01
      vertex 1.131352e+01 2.116611e+01 0.000000e+00
      vertex 4.242571e+00 7.937291e+00 3.500000e+01
    endloop
  endfacet
  facet normal -4.662698e-01 -8.230813e-01 -3.242369e-01
    outer loop
      vertex 3.598719e+00 6.004100e+00 3.500000e+01
      vertex 3.299777e+00 6.173449e+00 3.500000e+01
      vertex 8.956538e+00 1.675650e+01 0.000000e+00
    endloop
  endfacet
  facet normal -4.662698e-01 -8.230813e-01 -3.242369e-01
    outer loop
      vertex 3.598719e+00 6.004100e+00 3.500000e+01
      vertex 8.956538e+00 1.675650e+01 0.000000e+00
      vertex 9.767952e+00 1.629684e+01 0.000000e+00
    endloop
  endfacet
  facet normal 0.000000e+00 0.000000e+00 -1.000000e+00
    outer loop
      vertex 4.626925e+00 7.719557e+00 3.500000e+01
      vertex 3.598719e+00 6.004100e+00 3.500000e+01
      vertex 3.299777e+00 6.173449e+00 3.500000e+01
    endloop
  endfacet
  facet normal -0.000000e+00 0.000000e+00 -1.000000e+00
    outer loop
      vertex 4.626925e+00 7.719557e+00 3.500000e+01
      vertex 3.299777e+00 6.173449e+00 3.500000e+01
      vertex 4.242571e+00 7.937291e+00 3.500000e+01
    endloop
  endfacet
  facet normal 0.000000e+00 0.000000e+00 1.000000e+00
    outer loop
      vertex 1.233847e+01 2.058549e+01 0.000000e+00
      vertex 1.131352e+01 2.116611e+01 0.000000e+00
      vertex 8.956538e+00 1.675650e+01 0.000000e+00
    endloop
  endfacet
  facet normal 0.000000e+00 0.000000e+00 1.000000e+00
    outer loop
      vertex 1.233847e+01 2.058549e+01 0.000000e+00
      vertex 8.956538e+00 1.675650e+01 0.000000e+00
      vertex 9.767952e+00 1.629684e+01 0.000000e+00
    endloop
  endfacet
  facet normal 4.132773e-01 8.210410e-01 3.938191e-01
    outer loop
      vertex 4.242571e+00 7.937291e+00 3.500000e+01
      vertex 1.131352e+01 2.116611e+01 0.000000e+00
      vertex 1.026132e+01 2.169574e+01 0.000000e+00
    endloop
  endfacet
  facet normal 4.132773e-01 8.210410e-01 3.938191e-01
    outer loop
      vertex 4.242571e+00 7.937291e+00 3.500000e+01
      vertex 1.026132e+01 2.169574e+01 0.000000e+00
      vertex 3.847996e+00 8.135904e+00 3.500000e+01
    endloop
  endfacet
  facet normal -4.253215e-01 -8.449687e-01 -3.242369e-01
    outer loop
      vertex 3.299777e+00 6.173449e+00 3.500000e+01
      vertex 2.992886e+00 6.327925e+00 3.500000e+01
      vertex 8.123547e+00 1.717580e+01 0.000000e+00
    endloop
  endfacet
  facet normal -4.253215e-01 -8.449687e-01 -3.242369e-01
    outer loop
      vertex 3.299777e+00 6.173449e+00 3.500000e+01
      vertex 8.123547e+00 1.717580e+01 0.000000e+00
      vertex 8.956538e+00 1.675650e+01 0.000000e+00
    endloop
  endfacet
  facet normal 0.000000e+00 0.000000e+00 -1.000000e+00
    outer loop
      vertex 4.242571e+00 7.937291e+00 3.500000e+01
      vertex 3.299777e+00 6.173449e+00 3.500000e+01
      vertex 2.992886e+00 6.327925e+00 3.500000e+01
    endloop
  endfacet
  facet normal -0.000000e+00 0.000000e+00 -1.000000e+00
    outer loop
      vertex 4.242571e+00 7.937291e+00 3.500000e+01
      vertex 2.992886e+00 6.327925e+00 3.500000e+01
      vertex 3.847996e+00 8.135904e+00 3.500000e+01
    endloop
  endfacet
  facet normal 0.000000e+00 0.000000e+00 1.000000e+00
    outer loop
      vertex 1.131352e+01 2.116611e+01 0.000000e+00
      vertex 1.026132e+01 2.169574e+01 0.000000e+00
      vertex 8.123547e+00 1.717580e+01 0.000000e+00
    endloop
  endfacet
  facet normal 0.000000e+00 0.000000e+00 1.000000e+00
    outer loop
      vertex 1.131352e+01 2.116611e+01 0.000000e+00
      vertex 8.123547e+00 1.717580e+01 0.000000e+00
      vertex 8.956538e+00 1.675650e+01 0.000000e+00
    endloop
  endfacet
  facet normal 3.724929e-01 8.403306e-01 3.938191e-01
    outer loop
      vertex 3.847996e+00 8.135904e+00 3.500000e+01
      vertex 1.026132e+01 2.169574e+01 0.000000e+00
      vertex 9.184402e+00 2.217311e+01 0.000000e+00
    endloop
  endfacet
  facet normal 3.724929e-01 8.403306e-01 3.938191e-01
    outer loop
      vertex 3.847996e+00 8.135904e+00 3.500000e+01
      vertex 9.184402e+00 2.217311e+01 0.000000e+00
      vertex 3.444151e+00 8.314916e+00 3.500000e+01
    endloop
  endfacet
  facet normal -3.833485e-01 -8.648204e-01 -3.242369e-01
    outer loop
      vertex 2.992886e+00 6.327925e+00 3.500000e+01
      vertex 2.678784e+00 6.467157e+00 3.500000e+01
      vertex 7.270985e+00 1.755371e+01 0.000000e+00
    endloop
  endfacet
  facet normal -3.833485e-01 -8.648204e-01 -3.242369e-01
    outer loop
      vertex 2.992886e+00 6.327925e+00 3.500000e+01
      vertex 7.270985e+00 1.755371e+01 0.000000e+00
      vertex 8.123547e+00 1.717580e+01 0.000000e+00
    endloop
  endfacet
  facet normal 0.000000e+00 0.000000e+00 -1.000000e+00
    outer loop
      vertex 3.847996e+00 8.135904e+00 3.500000e+01
      vertex 2.992886e+00 6.327925e+00 3.500000e+01
      vertex 2.678784e+00 6.467157e+00 3.500000e+01
    endloop
  endfacet
  facet normal -0.000000e+00 0.000000e+00 -1.000000e+00
    outer loop
      vertex 3.847996e+00 8.135904e+00 3.500000e+01
      vertex 2.678784e+00 6.467157e+00 3.500000e+01
      vertex 3.444151e+00 8.314916e+00 3.500000e+01
    endloop
  endfacet
  facet normal 0.000000e+00 0.000000e+00 1.000000e+00
    outer loop
      vertex 1.026132e+01 2.169574e+01 0.000000e+00
      vertex 9.184402e+00 2.217311e+01 0.000000e+00
      vertex 7.270985e+00 1.755371e+01 0.000000e+00
    endloop
  endfacet
  facet normal 0.000000e+00 0.000000e+00 1.000000e+00
    outer loop
      vertex 1.026132e+01 2.169574e+01 0.000000e+00
      vertex 7.270985e+00 1.755371e+01 0.000000e+00
      vertex 8.123547e+00 1.717580e+01 0.000000e+00
    endloop
  endfacet
  facet normal 3.308112e-01 8.575958e-01 3.938191e-01
    outer loop
      vertex 3.444151e+00 8.314916e+00 3.500000e+01
      vertex 9.184402e+00 2.217311e+01 0.000000e+00
      vertex 8.085356e+00 2.259706e+01 0.000000e+00
    endloop
  endfacet
  facet normal 3.308112e-01 8.575958e-01 3.938191e-01
    outer loop
      vertex 3.444151e+00 8.314916e+00 3.500000e+01
      vertex 8.085356e+00 2.259706e+01 0.000000e+00
      vertex 3.032009e+00 8.473897e+00 3.500000e+01
    endloop
  endfacet
  facet normal -3.404520e-01 -8.825887e-01 -3.242369e-01
    outer loop
      vertex 2.678784e+00 6.467157e+00 3.500000e+01
      vertex 2.358229e+00 6.590808e+00 3.500000e+01
      vertex 6.400907e+00 1.788934e+01 0.000000e+00
    endloop
  endfacet
  facet normal -3.404520e-01 -8.825887e-01 -3.242369e-01
    outer loop
      vertex 2.678784e+00 6.467157e+00 3.500000e+01
      vertex 6.400907e+00 1.788934e+01 0.000000e+00
      vertex 7.270985e+00 1.755371e+01 0.000000e+00
    endloop
  endfacet
  facet normal 0.000000e+00 0.000000e+00 -1.000000e+00
    outer loop
      vertex 3.444151e+00 8.314916e+00 3.500000e+01
      vertex 2.678784e+00 6.467157e+00 3.500000e+01
      vertex 2.358229e+00 6.590808e+00 3.500000e+01
    endloop
  endfacet
  facet normal -0.000000e+00 0.000000e+00 -1.000000e+00
    outer loop
      vertex 3.444151e+00 8.314916e+00 3.500000e+01
      vertex 2.358229e+00 6.590808e+00 3.500000e+01
      vertex 3.032009e+00 8.473897e+00 3.500000e+01
    endloop
  endfacet
  facet normal 0.000000e+00 0.000000e+00 1.000000e+00
    outer loop
      vertex 9.184402e+00 2.217311e+01 0.000000e+00
      vertex 8.085356e+00 2.259706e+01 0.000000e+00
      vertex 6.400907e+00 1.788934e+01 0.000000e+00
    endloop
  endfacet
  facet normal 0.000000e+00 0.000000e+00 1.000000e+00
    outer loop
      vertex 9.184402e+00 2.217311e+01 0.000000e+00
      vertex 6.400907e+00 1.788934e+01 0.000000e+00
      vertex 7.270985e+00 1.755371e+01 0.000000e+00
    endloop
  endfacet
  facet normal 2.883325e-01 8.727949e-01 3.938191e-01
    outer loop
      vertex 3.032009e+00 8.473897e+00 3.500000e+01
      vertex 8.085356e+00 2.259706e+01 0.000000e+00
      vertex 6.966832e+00 2.296657e+01 0.000000e+00
    endloop
  endfacet
  facet normal 2.883325e-01 8.727949e-01 3.938191e-01
    outer loop
      vertex 3.032009e+00 8.473897e+00 3.500000e+01
      vertex 6.966832e+00 2.296657e+01 0.000000e+00
      vertex 2.612562e+00 8.612463e+00 3.500000e+01
    endloop
  endfacet
  facet normal -2.967354e-01 -8.982308e-01 -3.242369e-01
    outer loop
      vertex 2.358229e+00 6.590808e+00 3.500000e+01
      vertex 2.031993e+00 6.698582e+00 3.500000e+01
      vertex 5.515409e+00 1.818187e+01 0.000000e+00
    endloop
  endfacet
  facet normal -2.967354e-01 -8.982308e-01 -3.242369e-01
    outer loop
      vertex 2.358229e+00 6.590808e+00 3.500000e+01
      vertex 5.515409e+00 1.818187e+01 0.000000e+00
      vertex 6.400907e+00 1.788934e+01 0.000000e+00
    endloop
  endfacet
  facet normal 0.000000e+00 0.000000e+00 -1.000000e+00
    outer loop
      vertex 3.032009e+00 8.473897e+00 3.500000e+01
      vertex 2.358229e+00 6.590808e+00 3.500000e+01
      vertex 2.031993e+00 6.698582e+00 3.500000e+01
    endloop
  endfacet
  facet normal -0.000000e+00 0.000000e+00 -1.000000e+00
    outer loop
      vertex 3.032009e+00 8.473897e+00 3.500000e+01
      vertex 2.031993e+00 6.698582e+00 3.500000e+01
      vertex 2.612562e+00 8.612463e+00 3.500000e+01
    endloop
  endfacet
  facet normal 0.000000e+00 0.000000e+00 1.000000e+00
    outer loop
      vertex 8.085356e+00 2.259706e+01 0.000000e+00
      vertex 6.966832e+00 2.296657e+01 0.000000e+00
      vertex 5.515409e+00 1.818187e+01 0.000000e+00
    endloop
  endfacet
  facet normal 0.000000e+00 0.000000e+00 1.000000e+00
    outer loop
      vertex 8.085356e+00 2.259706e+01 0.000000e+00
      vertex 5.515409e+00 1.818187e+01 0.000000e+00
      vertex 6.400907e+00 1.788934e+01 0.000000e+00
    endloop
  endfacet
  facet normal 2.451592e-01 8.858914e-01 3.938191e-01
    outer loop
      vertex 2.612562e+00 8.612463e+00 3.500000e+01
      vertex 6.966832e+00 2.296657e+01 0.000000e+00
      vertex 5.831524e+00 2.328075e+01 0.000000e+00
    endloop
  endfacet
  facet normal 2.451592e-01 8.858914e-01 3.938191e-01
    outer loop
      vertex 2.612562e+00 8.612463e+00 3.500000e+01
      vertex 5.831524e+00 2.328075e+01 0.000000e+00
      vertex 2.186822e+00 8.730281e+00 3.500000e+01
    endloop
  endfacet
  facet normal -2.523038e-01 -9.117089e-01 -3.242369e-01
    outer loop
      vertex 2.031993e+00 6.698582e+00 3.500000e+01
      vertex 1.700861e+00 6.790219e+00 3.500000e+01
      vertex 4.616623e+00 1.843059e+01 0.000000e+00
    endloop
  endfacet
  facet normal -2.523038e-01 -9.117089e-01 -3.242369e-01
    outer loop
      vertex 2.031993e+00 6.698582e+00 3.500000e+01
      vertex 4.616623e+00 1.843059e+01 0.000000e+00
      vertex 5.515409e+00 1.818187e+01 0.000000e+00
    endloop
  endfacet
  facet normal 0.000000e+00 0.000000e+00 -1.000000e+00
    outer loop
      vertex 2.612562e+00 8.612463e+00 3.500000e+01
      vertex 2.031993e+00 6.698582e+00 3.500000e+01
      vertex 1.700861e+00 6.790219e+00 3.500000e+01
    endloop
  endfacet
  facet normal -0.000000e+00 0.000000e+00 -1.000000e+00
    outer loop
      vertex 2.612562e+00 8.612463e+00 3.500000e+01
      vertex 1.700861e+00 6.790219e+00 3.500000e+01
      vertex 2.186822e+00 8.730281e+00 3.500000e+01
    endloop
  endfacet
  facet normal 0.000000e+00 0.000000e+00 1.000000e+00
    outer loop
      vertex 6.966832e+00 2.296657e+01 0.000000e+00
      vertex 5.831524e+00 2.328075e+01 0.000000e+00
      vertex 4.616623e+00 1.843059e+01 0.000000e+00
    endloop
  endfacet
  facet normal 0.000000e+00 0.000000e+00 1.000000e+00
    outer loop
      vertex 6.966832e+00 2.296657e+01 0.000000e+00
      vertex 4.616623e+00 1.843059e+01 0.000000e+00
      vertex 5.515409e+00 1.818187e+01 0.000000e+00
    endloop
  endfacet
  facet normal 2.013952e-01 8.968537e-01 3.938191e-01
    outer loop
      vertex 2.186822e+00 8.730281e+00 3.500000e+01
      vertex 5.831524e+00 2.328075e+01 0.000000e+00
      vertex 4.682168e+00 2.353885e+01 0.000000e+00
    endloop
  endfacet
  facet normal 2.013952e-01 8.968537e-01 3.938191e-01
    outer loop
      vertex 2.186822e+00 8.730281e+00 3.500000e+01
      vertex 4.682168e+00 2.353885e+01 0.000000e+00
      vertex 1.755813e+00 8.827068e+00 3.500000e+01
    endloop
  endfacet
  facet normal -2.072645e-01 -9.229907e-01 -3.242369e-01
    outer loop
      vertex 1.700861e+00 6.790219e+00 3.500000e+01
      vertex 1.365632e+00 6.865497e+00 3.500000e+01
      vertex 3.706716e+00 1.863492e+01 0.000000e+00
    endloop
  endfacet
  facet normal -2.072645e-01 -9.229907e-01 -3.242369e-01
    outer loop
      vertex 1.700861e+00 6.790219e+00 3.500000e+01
      vertex 3.706716e+00 1.863492e+01 0.000000e+00
      vertex 4.616623e+00 1.843059e+01 0.000000e+00
    endloop
  endfacet
  facet normal 0.000000e+00 0.000000e+00 -1.000000e+00
    outer loop
      vertex 2.186822e+00 8.730281e+00 3.500000e+01
      vertex 1.700861e+00 6.790219e+00 3.500000e+01
      vertex 1.365632e+00 6.865497e+00 3.500000e+01
    endloop
  endfacet
  facet normal -0.000000e+00 0.000000e+00 -1.000000e+00
    outer loop
      vertex 2.186822e+00 8.730281e+00 3.500000e+01
      vertex 1.365632e+00 6.865497e+00 3.500000e+01
      vertex 1.755813e+00 8.827068e+00 3.500000e+01
    endloop
  endfacet
  facet normal 0.000000e+00 0.000000e+00 1.000000e+00
    outer loop
      vertex 5.831524e+00 2.328075e+01 0.000000e+00
      vertex 4.682168e+00 2.353885e+01 0.000000e+00
      vertex 3.706716e+00 1.863492e+01 0.000000e+00
    endloop
  endfacet
  facet normal 0.000000e+00 0.000000e+00 1.000000e+00
    outer loop
      vertex 5.831524e+00 2.328075e+01 0.000000e+00
      vertex 3.706716e+00 1.863492e+01 0.000000e+00
      vertex 4.616623e+00 1.843059e+01 0.000000e+00
    endloop
  endfacet
  facet normal 1.571461e-01 9.056554e-01 3.938191e-01
    outer loop
      vertex 1.755813e+00 8.827068e+00 3.500000e+01
      vertex 4.682168e+00 2.353885e+01 0.000000e+00
      vertex 3.521531e+00 2.374024e+01 0.000000e+00
    endloop
  endfacet
  facet normal 1.571461e-01 9.056554e-01 3.938191e-01
    outer loop
      vertex 1.755813e+00 8.827068e+00 3.500000e+01
      vertex 3.521531e+00 2.374024e+01 0.000000e+00
      vertex 1.320574e+00 8.902589e+00 3.500000e+01
    endloop
  endfacet
  facet normal -1.617258e-01 -9.320489e-01 -3.242369e-01
    outer loop
      vertex 1.365632e+00 6.865497e+00 3.500000e+01
      vertex 1.027113e+00 6.924236e+00 3.500000e+01
      vertex 2.787879e+00 1.879435e+01 0.000000e+00
    endloop
  endfacet
  facet normal -1.617258e-01 -9.320489e-01 -3.242369e-01
    outer loop
      vertex 1.365632e+00 6.865497e+00 3.500000e+01
      vertex 2.787879e+00 1.879435e+01 0.000000e+00
      vertex 3.706716e+00 1.863492e+01 0.000000e+00
    endloop
  endfacet
  facet normal 0.000000e+00 0.000000e+00 -1.000000e+00
    outer loop
      vertex 1.755813e+00 8.827068e+00 3.500000e+01
      vertex 1.365632e+00 6.865497e+00 3.500000e+01
      vertex 1.027113e+00 6.924236e+00 3.500000e+01
    endloop
  endfacet
  facet normal -0.000000e+00 0.000000e+00 -1.000000e+00
    outer loop
      vertex 1.755813e+00 8.827068e+00 3.500000e+01
      vertex 1.027113e+00 6.924236e+00 3.500000e+01
      vertex 1.320574e+00 8.902589e+00 3.500000e+01
    endloop
  endfacet
  facet normal 0.000000e+00 0.000000e+00 1.000000e+00
    outer loop
      vertex 4.682168e+00 2.353885e+01 0.000000e+00
      vertex 3.521531e+00 2.374024e+01 0.000000e+00
      vertex 2.787879e+00 1.879435e+01 0.000000e+00
    endloop
  endfacet
  facet normal 0.000000e+00 0.000000e+00 1.000000e+00
    outer loop
      vertex 4.682168e+00 2.353885e+01 0.000000e+00
      vertex 2.787879e+00 1.879435e+01 0.000000e+00
      vertex 3.706716e+00 1.863492e+01 0.000000e+00
    endloop
  endfacet
  facet normal 1.125184e-01 9.122753e-01 3.938191e-01
    outer loop
      vertex 1.320574e+00 8.902589e+00 3.500000e+01
      vertex 3.521531e+00 2.374024e+01 0.000000e+00
      vertex 2.352411e+00 2.388443e+01 0.000000e+00
    endloop
  endfacet
  facet normal 1.125184e-01 9.122753e-01 3.938191e-01
    outer loop
      vertex 1.320574e+00 8.902589e+00 3.500000e+01
      vertex 2.352411e+00 2.388443e+01 0.000000e+00
      vertex 8.821543e-01 8.956663e+00 3.500000e+01
    endloop
  endfacet
  facet normal -1.157975e-01 -9.388617e-01 -3.242369e-01
    outer loop
      vertex 1.027113e+00 6.924236e+00 3.500000e+01
      vertex 6.861200e-01 6.966293e+00 3.500000e+01
      vertex 1.862326e+00 1.890851e+01 0.000000e+00
    endloop
  endfacet
  facet normal -1.157975e-01 -9.388617e-01 -3.242369e-01
    outer loop
      vertex 1.027113e+00 6.924236e+00 3.500000e+01
      vertex 1.862326e+00 1.890851e+01 0.000000e+00
      vertex 2.787879e+00 1.879435e+01 0.000000e+00
    endloop
  endfacet
  facet normal 0.000000e+00 0.000000e+00 -1.000000e+00
    outer loop
      vertex 1.320574e+00 8.902589e+00 3.500000e+01
      vertex 1.027113e+00 6.924236e+00 3.500000e+01
      vertex 6.861200e-01 6.966293e+00 3.500000e+01
    endloop
  endfacet
  facet normal -0.000000e+00 0.000000e+00 -1.000000e+00
    outer loop
      vertex 1.320574e+00 8.902589e+00 3.500000e+01
      vertex 6.861200e-01 6.966293e+00 3.500000e+01
      vertex 8.821543e-01 8.956663e+00 3.500000e+01
    endloop
  endfacet
  facet normal 0.000000e+00 0.000000e+00 1.000000e+00
    outer loop
      vertex 3.521531e+00 2.374024e+01 0.000000e+00
      vertex 2.352411e+00 2.388443e+01 0.000000e+00
      vertex 1.862326e+00 1.890851e+01 0.000000e+00
    endloop
  endfacet
  facet normal 0.000000e+00 0.000000e+00 1.000000e+00
    outer loop
      vertex 3.521531e+00 2.374024e+01 0.000000e+00
      vertex 1.862326e+00 1.890851e+01 0.000000e+00
      vertex 2.787879e+00 1.879435e+01 0.000000e+00
    endloop
  endfacet
  facet normal 6.761966e-02 9.166974e-01 3.938191e-01
    outer loop
      vertex 8.821543e-01 8.956663e+00 3.500000e+01
      vertex 2.352411e+00 2.388443e+01 0.000000e+00
      vertex 1.177624e+00 2.397109e+01 0.000000e+00
    endloop
  endfacet
  facet normal 6.761966e-02 9.166974e-01 3.938191e-01
    outer loop
      vertex 8.821543e-01 8.956663e+00 3.500000e+01
      vertex 1.177624e+00 2.397109e+01 0.000000e+00
      vertex 4.416091e-01 8.989159e+00 3.500000e+01
    endloop
  endfacet
  facet normal -6.959031e-02 -9.434127e-01 -3.242369e-01
    outer loop
      vertex 6.861200e-01 6.966293e+00 3.500000e+01
      vertex 3.434737e-01 6.991568e+00 3.500000e+01
      vertex 9.322858e-01 1.897711e+01 0.000000e+00
    endloop
  endfacet
  facet normal -6.959031e-02 -9.434127e-01 -3.242369e-01
    outer loop
      vertex 6.861200e-01 6.966293e+00 3.500000e+01
      vertex 9.322858e-01 1.897711e+01 0.000000e+00
      vertex 1.862326e+00 1.890851e+01 0.000000e+00
    endloop
  endfacet
  facet normal 0.000000e+00 0.000000e+00 -1.000000e+00
    outer loop
      vertex 8.821543e-01 8.956663e+00 3.500000e+01
      vertex 6.861200e-01 6.966293e+00 3.500000e+01
      vertex 3.434737e-01 6.991568e+00 3.500000e+01
    endloop
  endfacet
  facet normal -0.000000e+00 0.000000e+00 -1.000000e+00
    outer loop
      vertex 8.821543e-01 8.956663e+00 3.500000e+01
      vertex 3.434737e-01 6.991568e+00 3.500000e+01
      vertex 4.416091e-01 8.989159e+00 3.500000e+01
    endloop
  endfacet
  facet normal 0.000000e+00 0.000000e+00 1.000000e+00
    outer loop
      vertex 2.352411e+00 2.388443e+01 0.000000e+00
      vertex 1.177624e+00 2.397109e+01 0.000000e+00
      vertex 9.322858e-01 1.897711e+01 0.000000e+00
    endloop
  endfacet
  facet normal 0.000000e+00 0.000000e+00 1.000000e+00
    outer loop
      vertex 2.352411e+00 2.388443e+01 0.000000e+00
      vertex 9.322858e-01 1.897711e+01 0.000000e+00
      vertex 1.862326e+00 1.890851e+01 0.000000e+00
    endloop
  endfacet
  facet normal 2.255800e-02 9.189111e-01 3.938191e-01
    outer loop
      vertex 4.416091e-01 8.989159e+00 3.500000e+01
      vertex 1.177624e+00 2.397109e+01 0.000000e+00
      vertex 1.469576e-15 2.400000e+01 0.000000e+00
    endloop
  endfacet
  facet normal 2.255800e-02 9.189111e-01 3.938191e-01
    outer loop
      vertex 4.416091e-01 8.989159e+00 3.500000e+01
      vertex 1.469576e-15 2.400000e+01 0.000000e+00
      vertex 5.510911e-16 9.000000e+00 3.500000e+01
    endloop
  endfacet
  facet normal -2.321541e-02 -9.456910e-01 -3.242369e-01
    outer loop
      vertex 3.434737e-01 6.991568e+00 3.500000e+01
      vertex 4.286264e-16 7.000000e+00 3.500000e+01
      vertex 1.163414e-15 1.900000e+01 0.000000e+00
    endloop
  endfacet
  facet normal -2.321541e-02 -9.456910e-01 -3.242369e-01
    outer loop
      vertex 3.434737e-01 6.991568e+00 3.500000e+01
      vertex 1.163414e-15 1.900000e+01 0.000000e+00
      vertex 9.322858e-01 1.897711e+01 0.000000e+00
    endloop
  endfacet
  facet normal 0.000000e+00 0.000000e+00 -1.000000e+00
    outer loop
      vertex 4.416091e-01 8.989159e+00 3.500000e+01
      vertex 3.434737e-01 6.991568e+00 3.500000e+01
      vertex 4.286264e-16 7.000000e+00 3.500000e+01
    endloop
  endfacet
  facet normal -0.000000e+00 0.000000e+00 -1.000000e+00
    outer loop
      vertex 4.416091e-01 8.989159e+00 3.500000e+01
      vertex 4.286264e-16 7.000000e+00 3.500000e+01
      vertex 5.510911e-16 9.000000e+00 3.500000e+01
    endloop
  endfacet
  facet normal 0.000000e+00 0.000000e+00 1.000000e+00
    outer loop
      vertex 1.177624e+00 2.397109e+01 0.000000e+00
      vertex 1.469576e-15 2.400000e+01 0.000000e+00
      vertex 1.163414e-15 1.900000e+01 0.000000e+00
    endloop
  endfacet
  facet normal 0.000000e+00 0.000000e+00 1.000000e+00
    outer loop
      vertex 1.177624e+00 2.397109e+01 0.000000e+00
      vertex 1.163414e-15 1.900000e+01 0.000000e+00
      vertex 9.322858e-01 1.897711e+01 0.000000e+00
    endloop
  endfacet
  facet normal -2.255800e-02 9.189111e-01 3.938191e-01
    outer loop
      vertex 5.510911e-16 9.000000e+00 3.500000e+01
      vertex 1.469576e-15 2.400000e+01 0.000000e+00
      vertex -1.177624e+00 2.397109e+01 0.000000e+00
    endloop
  endfacet
  facet normal -2.255800e-02 9.189111e-01 3.938191e-01
    outer loop
      vertex 5.510911e-16 9.000000e+00 3.500000e+01
      vertex -1.177624e+00 2.397109e+01 0.000000e+00
      vertex -4.416091e-01 8.989159e+00 3.500000e+01
    endloop
  endfacet
  facet normal 2.321541e-02 -9.456910e-01 -3.242369e-01
    outer loop
      vertex 4.286264e-16 7.000000e+00 3.500000e+01
      vertex -3.434737e-01 6.991568e+00 3.500000e+01
      vertex -9.322858e-01 1.897711e+01 0.000000e+00
    endloop
  endfacet
  facet normal 2.321541e-02 -9.456910e-01 -3.242369e-01
    outer loop
      vertex 4.286264e-16 7.000000e+00 3.500000e+01
      vertex -9.322858e-01 1.897711e+01 0.000000e+00
      vertex 1.163414e-15 1.900000e+01 0.000000e+00
    endloop
  endfacet
  facet normal 0.000000e+00 0.000000e+00 -1.000000e+00
    outer loop
      vertex 5.510911e-16 9.000000e+00 3.500000e+01
      vertex 4.286264e-16 7.000000e+00 3.500000e+01
      vertex -3.434737e-01 6.991568e+00 3.500000e+01
    endloop
  endfacet
  facet normal 0.000000e+00 0.000000e+00 -1.000000e+00
    outer loop
      vertex 5.510911e-16 9.000000e+00 3.500000e+01
      vertex -3.434737e-01 6.991568e+00 3.500000e+01
      vertex -4.416091e-01 8.989159e+00 3.500000e+01
    endloop
  endfacet
  facet normal 0.000000e+00 0.000000e+00 1.000000e+00
    outer loop
      vertex 1.469576e-15 2.400000e+01 0.000000e+00
      vertex -1.177624e+00 2.397109e+01 0.000000e+00
      vertex -9.322858e-01 1.897711e+01 0.000000e+00
    endloop
  endfacet
  facet normal 0.000000e+00 0.000000e+00 1.000000e+00
    outer loop
      vertex 1.469576e-15 2.400000e+01 0.000000e+00
      vertex -9.322858e-01 1.897711e+01 0.000000e+00
      vertex 1.163414e-15 1.900000e+01 0.000000e+00
    endloop
  endfacet
  facet normal -6.761966e-02 9.166974e-01 3.938191e-01
    outer loop
      vertex -4.416091e-01 8.989159e+00 3.500000e+01
      vertex -1.177624e+00 2.397109e+01 0.000000e+00
      vertex -2.352411e+00 2.388443e+01 0.000000e+00
    endloop
  endfacet
  facet normal -6.761966e-02 9.166974e-01 3.938191e-01
    outer loop
      vertex -4.416091e-01 8.989159e+00 3.500000e+01
      vertex -2.352411e+00 2.388443e+01 0.000000e+00
      vertex -8.821543e-01 8.956663e+00 3.500000e+01
    endloop
  endfacet
  facet normal 6.959031e-02 -9.434127e-01 -3.242369e-01
    outer loop
      vertex -3.434737e-01 6.991568e+00 3.500000e+01
      vertex -6.861200e-01 6.966293e+00 3.500000e+01
      vertex -1.862326e+00 1.890851e+01 0.000000e+00
    endloop
  endfacet
  facet normal 6.959031e-02 -9.434127e-01 -3.242369e-01
    outer loop
      vertex -3.434737e-01 6.991568e+00 3.500000e+01
      vertex -1.862326e+00 1.890851e+01 0.000000e+00
      vertex -9.322858e-01 1.897711e+01 0.000000e+00
    endloop
  endfacet
  facet normal 0.000000e+00 -0.000000e+00 -1.000000e+00
    outer loop
      vertex -4.416091e-01 8.989159e+00 3.500000e+01
      vertex -3.434737e-01 6.991568e+00 3.500000e+01
      vertex -6.861200e-01 6.966293e+00 3.500000e+01
    endloop
  endfacet
  facet normal 0.000000e+00 0.000000e+00 -1.000000e+00
    outer loop
      vertex -4.416091e-01 8.989159e+00 3.500000e+01
      vertex -6.861200e-01 6.966293e+00 3.500000e+01
      vertex -8.821543e-01 8.956663e+00 3.500000e+01
    endloop
  endfacet
  facet normal 0.000000e+00 0.000000e+00 1.000000e+00
    outer loop
      vertex -1.177624e+00 2.397109e+01 0.000000e+00
      vertex -2.352411e+00 2.388443e+01 0.000000e+00
      vertex -1.862326e+00 1.890851e+01 0.000000e+00
    endloop
  endfacet
  facet normal 0.000000e+00 0.000000e+00 1.000000e+00
    outer loop
      vertex -1.177624e+00 2.397109e+01 0.000000e+00
      vertex -1.862326e+00 1.890851e+01 0.000000e+00
      vertex -9.322858e-01 1.897711e+01 0.000000e+00
    endloop
  endfacet
  facet normal -1.125184e-01 9.122753e-01 3.938191e-01
    outer loop
      vertex -8.821543e-01 8.956663e+00 3.500000e+01
      vertex -2.352411e+00 2.388443e+01 0.000000e+00
      vertex -3.521531e+00 2.374024e+01 0.000000e+00
    endloop
  endfacet
  facet normal -1.125184e-01 9.122753e-01 3.938191e-01
    outer loop
      vertex -8.821543e-01 8.956663e+00 3.500000e+01
      vertex -3.521531e+00 2.374024e+01 0.000000e+00
      vertex -1.320574e+00 8.902589e+00 3.500000e+01
    endloop
  endfacet
  facet normal 1.157975e-01 -9.388617e-01 -3.242369e-01
    outer loop
      vertex -6.861200e-01 6.966293e+00 3.500000e+01
      vertex -1.027113e+00 6.924236e+00 3.500000e+01
      vertex -2.787879e+00 1.879435e+01 0.000000e+00
    endloop
  endfacet
  facet normal 1.157975e-01 -9.388617e-01 -3.242369e-01
    outer loop
      vertex -6.861200e-01 6.966293e+00 3.500000e+01
      vertex -2.787879e+00 1.879435e+01 0.000000e+00
      vertex -1.862326e+00 1.890851e+01 0.000000e+00
    endloop
  endfacet
  facet normal 0.000000e+00 -0.000000e+00 -1.000000e+00
    outer loop
      vertex -8.821543e-01 8.956663e+00 3.500000e+01
      vertex -6.861200e-01 6.966293e+00 3.500000e+01
      vertex -1.027113e+00 6.924236e+00 3.500000e+01
    endloop
  endfacet
  facet normal 0.000000e+00 0.000000e+00 -1.000000e+00
    outer loop
      vertex -8.821543e-01 8.956663e+00 3.500000e+01
      vertex -1.027113e+00 6.924236e+00 3.500000e+01
      vertex -1.320574e+00 8.902589e+00 3.500000e+01
    endloop
  endfacet
  facet normal 0.000000e+00 0.000000e+00 1.000000e+00
    outer loop
      vertex -2.352411e+00 2.388443e+01 0.000000e+00
      vertex -3.521531e+00 2.374024e+01 0.000000e+00
      vertex -2.787879e+00 1.879435e+01 0.000000e+00
    endloop
  endfacet
  facet normal 0.000000e+00 0.000000e+00 1.000000e+00
    outer loop
      vertex -2.352411e+00 2.388443e+01 0.000000e+00
      vertex -2.787879e+00 1.879435e+01 0.000000e+00
      vertex -1.862326e+00 1.890851e+01 0.000000e+00
    endloop
  endfacet
  facet normal -1.571461e-01 9.056554e-01 3.938191e-01
    outer loop
      vertex -1.320574e+00 8.902589e+00 3.500000e+01
      vertex -3.521531e+00 2.374024e+01 0.000000e+00
      vertex -4.682168e+00 2.353885e+01 0.000000e+00
    endloop
  endfacet
  facet normal -1.571461e-01 9.056554e-01 3.938191e-01
    outer loop
      vertex -1.320574e+00 8.902589e+00 3.500000e+01
      vertex -4.682168e+00 2.353885e+01 0.000000e+00
      vertex -1.755813e+00 8.827068e+00 3.500000e+01
    endloop
  endfacet
  facet normal 1.617258e-01 -9.320489e-01 -3.242369e-01
    outer loop
      vertex -1.027113e+00 6.924236e+00 3.500000e+01
      vertex -1.365632e+00 6.865497e+00 3.500000e+01
      vertex -3.706716e+00 1.863492e+01 0.000000e+00
    endloop
  endfacet
  facet normal 1.617258e-01 -9.320489e-01 -3.242369e-01
    outer loop
      vertex -1.027113e+00 6.924236e+00 3.500000e+01
      vertex -3.706716e+00 1.863492e+01 0.000000e+00
      vertex -2.787879e+00 1.879435e+01 0.000000e+00
    endloop
  endfacet
  facet normal 0.000000e+00 -0.000000e+00 -1.000000e+00
    outer loop
      vertex -1.320574e+00 8.902589e+00 3.500000e+01
      vertex -1.027113e+00 6.924236e+00 3.500000e+01
      vertex -1.365632e+00 6.865497e+00 3.500000e+01
    endloop
  endfacet
  facet normal 0.000000e+00 0.000000e+00 -1.000000e+00
    outer loop
      vertex -1.320574e+00 8.902589e+00 3.500000e+01
      vertex -1.365632e+00 6.865497e+00 3.500000e+01
      vertex -1.755813e+00 8.827068e+00 3.500000e+01
    endloop
  endfacet
  facet normal 0.000000e+00 0.000000e+00 1.000000e+00
    outer loop
      vertex -3.521531e+00 2.374024e+01 0.000000e+00
      vertex -4.682168e+00 2.353885e+01 0.000000e+00
      vertex -3.706716e+00 1.863492e+01 0.000000e+00
    endloop
  endfacet
  facet normal 0.000000e+00 0.000000e+00 1.000000e+00
    outer loop
      vertex -3.521531e+00 2.374024e+01 0.000000e+00
      vertex -3.706716e+00 1.863492e+01 0.000000e+00
      vertex -2.787879e+00 1.879435e+01 0.000000e+00
    endloop
  endfacet
  facet normal -2.013952e-01 8.968537e-01 3.938191e-01
    outer loop
      vertex -1.755813e+00 8.827068e+00 3.500000e+01
      vertex -4.682168e+00 2.353885e+01 0.000000e+00
      vertex -5.831524e+00 2.328075e+01 0.000000e+00
    endloop
  endfacet
  facet normal -2.013952e-01 8.968537e-01 3.938191e-01
    outer loop
      vertex -1.755813e+00 8.827068e+00 3.500000e+01
      vertex -5.831524e+00 2.328075e+01 0.000000e+00
      vertex -2.186822e+00 8.730281e+00 3.500000e+01
    endloop
  endfacet
  facet normal 2.072645e-01 -9.229907e-01 -3.242369e-01
    outer loop
      vertex -1.365632e+00 6.865497e+00 3.500000e+01
      vertex -1.700861e+00 6.790219e+00 3.500000e+01
      vertex -4.616623e+00 1.843059e+01 0.000000e+00
    endloop
  endfacet
  facet normal 2.072645e-01 -9.229907e-01 -3.242369e-01
    outer loop
      vertex -1.365632e+00 6.865497e+00 3.500000e+01
      vertex -4.616623e+00 1.843059e+01 0.000000e+00
      vertex -3.706716e+00 1.863492e+01 0.000000e+00
    endloop
  endfacet
  facet normal 0.000000e+00 0.000000e+00 -1.000000e+00
    outer loop
      vertex -1.755813e+00 8.827068e+00 3.500000e+01
      vertex -1.365632e+00 6.865497e+00 3.500000e+01
      vertex -1.700861e+00 6.790219e+00 3.500000e+01
    endloop
  endfacet
  facet normal 0.000000e+00 -0.000000e+00 -1.000000e+00
    outer loop
      vertex -1.755813e+00 8.827068e+00 3.500000e+01
      vertex -1.700861e+00 6.790219e+00 3.500000e+01
      vertex -2.186822e+00 8.730281e+00 3.500000e+01
    endloop
  endfacet
  facet normal 0.000000e+00 0.000000e+00 1.000000e+00
    outer loop
      vertex -4.682168e+00 2.353885e+01 0.000000e+00
      vertex -5.831524e+00 2.328075e+01 0.000000e+00
      vertex -4.616623e+00 1.843059e+01 0.000000e+00
    endloop
  endfacet
  facet normal 0.000000e+00 0.000000e+00 1.000000e+00
    outer loop
      vertex -4.682168e+00 2.353885e+01 0.000000e+00
      vertex -4.616623e+00 1.843059e+01 0.000000e+00
      vertex -3.706716e+00 1.863492e+01 0.000000e+00
    endloop
  endfacet
  facet normal -2.451592e-01 8.858914e-01 3.938191e-01
    outer loop
      vertex -2.186822e+00 8.730281e+00 3.500000e+01
      vertex -5.831524e+00 2.328075e+01 0.000000e+00
      vertex -6.966832e+00 2.296657e+01 0.000000e+00
    endloop
  endfacet
  facet normal -2.451592e-01 8.858914e-01 3.938191e-01
    outer loop
      vertex -2.186822e+00 8.730281e+00 3.500000e+01
      vertex -6.966832e+00 2.296657e+01 0.000000e+00
      vertex -2.612562e+00 8.612463e+00 3.500000e+01
    endloop
  endfacet
  facet normal 2.523038e-01 -9.117089e-01 -3.242369e-01
    outer loop
      vertex -1.700861e+00 6.790219e+00 3.500000e+01
      vertex -2.031993e+00 6.698582e+00 3.500000e+01
      vertex -5.515409e+00 1.818187e+01 0.000000e+00
    endloop
  endfacet
  facet normal 2.523038e-01 -9.117089e-01 -3.242369e-01
    outer loop
      vertex -1.700861e+00 6.790219e+00 3.500000e+01
      vertex -5.515409e+00 1.818187e+01 0.000000e+00
      vertex -4.616623e+00 1.843059e+01 0.000000e+00
    endloop
  endfacet
  facet normal 0.000000e+00 0.000000e+00 -1.000000e+00
    outer loop
      vertex -2.186822e+00 8.730281e+00 3.500000e+01
      vertex -1.700861e+00 6.790219e+00 3.500000e+01
      vertex -2.031993e+00 6.698582e+00 3.500000e+01
    endloop
  endfacet
  facet normal 0.000000e+00 -0.000000e+00 -1.000000e+00
    outer loop
      vertex -2.186822e+00 8.730281e+00 3.500000e+01
      vertex -2.031993e+00 6.698582e+00 3.500000e+01
      vertex -2.612562e+00 8.612463e+00 3.500000e+01
    endloop
  endfacet
  facet normal 0.000000e+00 0.000000e+00 1.000000e+00
    outer loop
      vertex -5.831524e+00 2.328075e+01 0.000000e+00
      vertex -6.966832e+00 2.296657e+01 0.000000e+00
      vertex -5.515409e+00 1.818187e+01 0.000000e+00
    endloop
  endfacet
  facet normal 0.000000e+00 0.000000e+00 1.000000e+00
    outer loop
      vertex -5.831524e+00 2.328075e+01 0.000000e+00
      vertex -5.515409e+00 1.818187e+01 0.000000e+00
      vertex -4.616623e+00 1.843059e+01 0.000000e+00
    endloop
  endfacet
  facet normal -2.883325e-01 8.727949e-01 3.938191e-01
    outer loop
      vertex -2.612562e+00 8.612463e+00 3.500000e+01
      vertex -6.966832e+00 2.296657e+01 0.000000e+00
      vertex -8.085356e+00 2.259706e+01 0.000000e+00
    endloop
  endfacet
  facet normal -2.883325e-01 8.727949e-01 3.938191e-01
    outer loop
      vertex -2.612562e+00 8.612463e+00 3.500000e+01
      vertex -8.085356e+00 2.259706e+01 0.000000e+00
      vertex -3.032009e+00 8.473897e+00 3.500000e+01
    endloop
  endfacet
  facet normal 2.967354e-01 -8.982308e-01 -3.242369e-01
    outer loop
      vertex -2.031993e+00 6.698582e+00 3.500000e+01
      vertex -2.358229e+00 6.590808e+00 3.500000e+01
      vertex -6.400907e+00 1.788934e+01 0.000000e+00
    endloop
  endfacet
  facet normal 2.967354e-01 -8.982308e-01 -3.242369e-01
    outer loop
      vertex -2.031993e+00 6.698582e+00 3.500000e+01
      vertex -6.400907e+00 1.788934e+01 0.000000e+00
      vertex -5.515409e+00 1.818187e+01 0.000000e+00
    endloop
  endfacet
  facet normal 0.000000e+00 0.000000e+00 -1.000000e+00
    outer loop
      vertex -2.612562e+00 8.612463e+00 3.500000e+01
      vertex -2.031993e+00 6.698582e+00 3.500000e+01
      vertex -2.358229e+00 6.590808e+00 3.500000e+01
    endloop
  endfacet
  facet normal 0.000000e+00 -0.000000e+00 -1.000000e+00
    outer loop
      vertex -2.612562e+00 8.612463e+00 3.500000e+01
      vertex -2.358229e+00 6.590808e+00 3.500000e+01
      vertex -3.032009e+00 8.473897e+00 3.500000e+01
    endloop
  endfacet
  facet normal 0.000000e+00 0.000000e+00 1.000000e+00
    outer loop
      vertex -6.966832e+00 2.296657e+01 0.000000e+00
      vertex -8.085356e+00 2.259706e+01 0.000000e+00
      vertex -6.400907e+00 1.788934e+01 0.000000e+00
    endloop
  endfacet
  facet normal 0.000000e+00 0.000000e+00 1.000000e+00
    outer loop
      vertex -6.966832e+00 2.296657e+01 0.000000e+00
      vertex -6.400907e+00 1.788934e+01 0.000000e+00
      vertex -5.515409e+00 1.818187e+01 0.000000e+00
    endloop
  endfacet
  facet normal -3.308112e-01 8.575958e-01 3.938191e-01
    outer loop
      vertex -3.032009e+00 8.473897e+00 3.500000e+01
      vertex -8.085356e+00 2.259706e+01 0.000000e+00
      vertex -9.184402e+00 2.217311e+01 0.000000e+00
    endloop
  endfacet
  facet normal -3.308112e-01 8.575958e-01 3.938191e-01
    outer loop
      vertex -3.032009e+00 8.473897e+00 3.500000e+01
      vertex -9.184402e+00 2.217311e+01 0.000000e+00
      vertex -3.444151e+00 8.314916e+00 3.500000e+01
    endloop
  endfacet
  facet normal 3.404520e-01 -8.825887e-01 -3.242369e-01
    outer loop
      vertex -2.358229e+00 6.590808e+00 3.500000e+01
      vertex -2.678784e+00 6.467157e+00 3.500000e+01
      vertex -7.270985e+00 1.755371e+01 0.000000e+00
    endloop
  endfacet
  facet normal 3.404520e-01 -8.825887e-01 -3.242369e-01
    outer loop
      vertex -2.358229e+00 6.590808e+00 3.500000e+01
      vertex -7.270985e+00 1.755371e+01 0.000000e+00
      vertex -6.400907e+00 1.788934e+01 0.000000e+00
    endloop
  endfacet
  facet normal 0.000000e+00 0.000000e+00 -1.000000e+00
    outer loop
      vertex -3.032009e+00 8.473897e+00 3.500000e+01
      vertex -2.358229e+00 6.590808e+00 3.500000e+01
      vertex -2.678784e+00 6.467157e+00 3.500000e+01
    endloop
  endfacet
  facet normal 0.000000e+00 -0.000000e+00 -1.000000e+00
    outer loop
      vertex -3.032009e+00 8.473897e+00 3.500000e+01
      vertex -2.678784e+00 6.467157e+00 3.500000e+01
      vertex -3.444151e+00 8.314916e+00 3.500000e+01
    endloop
  endfacet
  facet normal 0.000000e+00 0.000000e+00 1.000000e+00
    outer loop
      vertex -8.085356e+00 2.259706e+01 0.000000e+00
      vertex -9.184402e+00 2.217311e+01 0.000000e+00
      vertex -7.270985e+00 1.755371e+01 0.000000e+00
    endloop
  endfacet
  facet normal 0.000000e+00 0.000000e+00 1.000000e+00
    outer loop
      vertex -8.085356e+00 2.259706e+01 0.000000e+00
      vertex -7.270985e+00 1.755371e+01 0.000000e+00
      vertex -6.400907e+00 1.788934e+01 0.000000e+00
    endloop
  endfacet
  facet normal -3.724929e-01 8.403306e-01 3.938191e-01
    outer loop
      vertex -3.444151e+00 8.314916e+00 3.500000e+01
      vertex -9.184402e+00 2.217311e+01 0.000000e+00
      vertex -1.026132e+01 2.169574e+01 0.000000e+00
    endloop
  endfacet
  facet normal -3.724929e-01 8.403306e-01 3.938191e-01
    outer loop
      vertex -3.444151e+00 8.314916e+00 3.500000e+01
      vertex -1.026132e+01 2.169574e+01 0.000000e+00
      vertex -3.847996e+00 8.135904e+00 3.500000e+01
    endloop
  endfacet
  facet normal 3.833485e-01 -8.648204e-01 -3.242369e-01
    outer loop
      vertex -2.678784e+00 6.467157e+00 3.500000e+01
      vertex -2.992886e+00 6.327925e+00 3.500000e+01
      vertex -8.123547e+00 1.717580e+01 0.000000e+00
    endloop
  endfacet
  facet normal 3.833485e-01 -8.648204e-01 -3.242369e-01
    outer loop
      vertex -2.678784e+00 6.467157e+00 3.500000e+01
      vertex -8.123547e+00 1.717580e+01 0.000000e+00
      vertex -7.270985e+00 1.755371e+01 0.000000e+00
    endloop
  endfacet
  facet normal 0.000000e+00 0.000000e+00 -1.000000e+00
    outer loop
      vertex -3.444151e+00 8.314916e+00 3.500000e+01
      vertex -2.678784e+00 6.467157e+00 3.500000e+01
      vertex -2.992886e+00 6.327925e+00 3.500000e+01
    endloop
  endfacet
  facet normal 0.000000e+00 -0.000000e+00 -1.000000e+00
    outer loop
      vertex -3.444151e+00 8.314916e+00 3.500000e+01
      vertex -2.992886e+00 6.327925e+00 3.500000e+01
      vertex -3.847996e+00 8.135904e+00 3.500000e+01
    endloop
  endfacet
  facet normal 0.000000e+00 0.000000e+00 1.000000e+00
    outer loop
      vertex -9.184402e+00 2.217311e+01 0.000000e+00
      vertex -1.026132e+01 2.169574e+01 0.000000e+00
      vertex -8.123547e+00 1.717580e+01 0.000000e+00
    endloop
  endfacet
  facet normal 0.000000e+00 0.000000e+00 1.000000e+00
    outer loop
      vertex -9.184402e+00 2.217311e+01 0.000000e+00
      vertex -8.123547e+00 1.717580e+01 0.000000e+00
      vertex -7.270985e+00 1.755371e+01 0.000000e+00
    endloop
  endfacet
  facet normal -4.132773e-01 8.210410e-01 3.938191e-01
    outer loop
      vertex -3.847996e+00 8.135904e+00 3.500000e+01
      vertex -1.026132e+01 2.169574e+01 0.000000e+00
      vertex -1.131352e+01 2.116611e+01 0.000000e+00
    endloop
  endfacet
  facet normal -4.132773e-01 8.210410e-01 3.938191e-01
    outer loop
      vertex -3.847996e+00 8.135904e+00 3.500000e+01
      vertex -1.131352e+01 2.116611e+01 0.000000e+00
      vertex -4.242571e+00 7.937291e+00 3.500000e+01
    endloop
  endfacet
  facet normal 4.253215e-01 -8.449687e-01 -3.242369e-01
    outer loop
      vertex -2.992886e+00 6.327925e+00 3.500000e+01
      vertex -3.299777e+00 6.173449e+00 3.500000e+01
      vertex -8.956538e+00 1.675650e+01 0.000000e+00
    endloop
  endfacet
  facet normal 4.253215e-01 -8.449687e-01 -3.242369e-01
    outer loop
      vertex -2.992886e+00 6.327925e+00 3.500000e+01
      vertex -8.956538e+00 1.675650e+01 0.000000e+00
      vertex -8.123547e+00 1.717580e+01 0.000000e+00
    endloop
  endfacet
  facet normal 0.000000e+00 0.000000e+00 -1.000000e+00
    outer loop
      vertex -3.847996e+00 8.135904e+00 3.500000e+01
      vertex -2.992886e+00 6.327925e+00 3.500000e+01
      vertex -3.299777e+00 6.173449e+00 3.500000e+01
    endloop
  endfacet
  facet normal 0.000000e+00 -0.000000e+00 -1.000000e+00
    outer loop
      vertex -3.847996e+00 8.135904e+00 3.500000e+01
      vertex -3.299777e+00 6.173449e+00 3.500000e+01
      vertex -4.242571e+00 7.937291e+00 3.500000e+01
    endloop
  endfacet
  facet normal 0.000000e+00 0.000000e+00 1.000000e+00
    outer loop
      vertex -1.026132e+01 2.169574e+01 0.000000e+00
      vertex -1.131352e+01 2.116611e+01 0.000000e+00
      vertex -8.956538e+00 1.675650e+01 0.000000e+00
    endloop
  endfacet
  facet normal 0.000000e+00 0.000000e+00 1.000000e+00
    outer loop
      vertex -1.026132e+01 2.169574e+01 0.000000e+00
      vertex -8.956538e+00 1.675650e+01 0.000000e+00
      vertex -8.123547e+00 1.717580e+01 0.000000e+00
    endloop
  endfacet
  facet normal -4.530661e-01 7.997735e-01 3.938191e-01
    outer loop
      vertex -4.242571e+00 7.937291e+00 3.500000e+01
      vertex -1.131352e+01 2.116611e+01 0.000000e+00
      vertex -1.233847e+01 2.058549e+01 0.000000e+00
    endloop
  endfacet
  facet normal -4.530661e-01 7.997735e-01 3.938191e-01
    outer loop
      vertex -4.242571e+00 7.937291e+00 3.500000e+01
      vertex -1.233847e+01 2.058549e+01 0.000000e+00
      vertex -4.626925e+00 7.719557e+00 3.500000e+01
    endloop
  endfacet
  facet normal 4.662698e-01 -8.230813e-01 -3.242369e-01
    outer loop
      vertex -3.299777e+00 6.173449e+00 3.500000e+01
      vertex -3.598719e+00 6.004100e+00 3.500000e+01
      vertex -9.767952e+00 1.629684e+01 0.000000e+00
    endloop
  endfacet
  facet normal 4.662698e-01 -8.230813e-01 -3.242369e-01
    outer loop
      vertex -3.299777e+00 6.173449e+00 3.500000e+01
      vertex -9.767952e+00 1.629684e+01 0.000000e+00
      vertex -8.956538e+00 1.675650e+01 0.000000e+00
    endloop
  endfacet
  facet normal 0.000000e+00 0.000000e+00 -1.000000e+00
    outer loop
      vertex -4.242571e+00 7.937291e+00 3.500000e+01
      vertex -3.299777e+00 6.173449e+00 3.500000e+01
      vertex -3.598719e+00 6.004100e+00 3.500000e+01
    endloop
  endfacet
  facet normal 0.000000e+00 -0.000000e+00 -1.000000e+00
    outer loop
      vertex -4.242571e+00 7.937291e+00 3.500000e+01
      vertex -3.598719e+00 6.004100e+00 3.500000e+01
      vertex -4.626925e+00 7.719557e+00 3.500000e+01
    endloop
  endfacet
  facet normal 0.000000e+00 0.000000e+00 1.000000e+00
    outer loop
      vertex -1.131352e+01 2.116611e+01 0.000000e+00
      vertex -1.233847e+01 2.058549e+01 0.000000e+00
      vertex -9.767952e+00 1.629684e+01 0.000000e+00
    endloop
  endfacet
  facet normal 0.000000e+00 0.000000e+00 1.000000e+00
    outer loop
      vertex -1.131352e+01 2.116611e+01 0.000000e+00
      vertex -9.767952e+00 1.629684e+01 0.000000e+00
      vertex -8.956538e+00 1.675650e+01 0.000000e+00
    endloop
  endfacet
  facet normal -4.917634e-01 7.765792e-01 3.938191e-01
    outer loop
      vertex -4.626925e+00 7.719557e+00 3.500000e+01
      vertex -1.233847e+01 2.058549e+01 0.000000e+00
      vertex -1.333369e+01 1.995527e+01 0.000000e+00
    endloop
  endfacet
  facet normal -4.917634e-01 7.765792e-01 3.938191e-01
    outer loop
      vertex -4.626925e+00 7.719557e+00 3.500000e+01
      vertex -1.333369e+01 1.995527e+01 0.000000e+00
      vertex -5.000132e+00 7.483227e+00 3.500000e+01
    endloop
  endfacet
  facet normal 5.060949e-01 -7.992111e-01 -3.242369e-01
    outer loop
      vertex -3.598719e+00 6.004100e+00 3.500000e+01
      vertex -3.888992e+00 5.820287e+00 3.500000e+01
      vertex -1.055583e+01 1.579792e+01 0.000000e+00
    endloop
  endfacet
  facet normal 5.060949e-01 -7.992111e-01 -3.242369e-01
    outer loop
      vertex -3.598719e+00 6.004100e+00 3.500000e+01
      vertex -1.055583e+01 1.579792e+01 0.000000e+00
      vertex -9.767952e+00 1.629684e+01 0.000000e+00
    endloop
  endfacet
  facet normal 0.000000e+00 0.000000e+00 -1.000000e+00
    outer loop
      vertex -4.626925e+00 7.719557e+00 3.500000e+01
      vertex -3.598719e+00 6.004100e+00 3.500000e+01
      vertex -3.888992e+00 5.820287e+00 3.500000e+01
    endloop
  endfacet
  facet normal 0.000000e+00 -0.000000e+00 -1.000000e+00
    outer loop
      vertex -4.626925e+00 7.719557e+00 3.500000e+01
      vertex -3.888992e+00 5.820287e+00 3.500000e+01
      vertex -5.000132e+00 7.483227e+00 3.500000e+01
    endloop
  endfacet
  facet normal 0.000000e+00 0.000000e+00 1.000000e+00
    outer loop
      vertex -1.233847e+01 2.058549e+01 0.000000e+00
      vertex -1.333369e+01 1.995527e+01 0.000000e+00
      vertex -1.055583e+01 1.579792e+01 0.000000e+00
    endloop
  endfacet
  facet normal 0.000000e+00 0.000000e+00 1.000000e+00
    outer loop
      vertex -1.233847e+01 2.058549e+01 0.000000e+00
      vertex -1.055583e+01 1.579792e+01 0.000000e+00
      vertex -9.767952e+00 1.629684e+01 0.000000e+00
    endloop
  endfacet
  facet normal -5.292760e-01 7.515141e-01 3.938191e-01
    outer loop
      vertex -5.000132e+00 7.483227e+00 3.500000e+01
      vertex -1.333369e+01 1.995527e+01 0.000000e+00
      vertex -1.429678e+01 1.927698e+01 0.000000e+00
    endloop
  endfacet
  facet normal -5.292760e-01 7.515141e-01 3.938191e-01
    outer loop
      vertex -5.000132e+00 7.483227e+00 3.500000e+01
      vertex -1.429678e+01 1.927698e+01 0.000000e+00
      vertex -5.361294e+00 7.228868e+00 3.500000e+01
    endloop
  endfacet
  facet normal 5.447007e-01 -7.734155e-01 -3.242369e-01
    outer loop
      vertex -3.888992e+00 5.820287e+00 3.500000e+01
      vertex -4.169895e+00 5.622453e+00 3.500000e+01
      vertex -1.131829e+01 1.526094e+01 0.000000e+00
    endloop
  endfacet
  facet normal 5.447007e-01 -7.734155e-01 -3.242369e-01
    outer loop
      vertex -3.888992e+00 5.820287e+00 3.500000e+01
      vertex -1.131829e+01 1.526094e+01 0.000000e+00
      vertex -1.055583e+01 1.579792e+01 0.000000e+00
    endloop
  endfacet
  facet normal 0.000000e+00 0.000000e+00 -1.000000e+00
    outer loop
      vertex -5.000132e+00 7.483227e+00 3.500000e+01
      vertex -3.888992e+00 5.820287e+00 3.500000e+01
      vertex -4.169895e+00 5.622453e+00 3.500000e+01
    endloop
  endfacet
  facet normal 0.000000e+00 -0.000000e+00 -1.000000e+00
    outer loop
      vertex -5.000132e+00 7.483227e+00 3.500000e+01
      vertex -4.169895e+00 5.622453e+00 3.500000e+01
      vertex -5.361294e+00 7.228868e+00 3.500000e+01
    endloop
  endfacet
  facet normal 0.000000e+00 0.000000e+00 1.000000e+00
    outer loop
      vertex -1.333369e+01 1.995527e+01 0.000000e+00
      vertex -1.429678e+01 1.927698e+01 0.000000e+00
      vertex -1.131829e+01 1.526094e+01 0.000000e+00
    endloop
  endfacet
  facet normal 0.000000e+00 0.000000e+00 1.000000e+00
    outer loop
      vertex -1.333369e+01 1.995527e+01 0.000000e+00
      vertex -1.131829e+01 1.526094e+01 0.000000e+00
      vertex -1.055583e+01 1.579792e+01 0.000000e+00
    endloop
  endfacet
  facet normal -5.655135e-01 7.246386e-01 3.938191e-01
    outer loop
      vertex -5.361294e+00 7.228868e+00 3.500000e+01
      vertex -1.429678e+01 1.927698e+01 0.000000e+00
      vertex -1.522544e+01 1.855225e+01 0.000000e+00
    endloop
  endfacet
  facet normal -5.655135e-01 7.246386e-01 3.938191e-01
    outer loop
      vertex -5.361294e+00 7.228868e+00 3.500000e+01
      vertex -1.522544e+01 1.855225e+01 0.000000e+00
      vertex -5.709540e+00 6.957094e+00 3.500000e+01
    endloop
  endfacet
  facet normal 5.819943e-01 -7.457567e-01 -3.242369e-01
    outer loop
      vertex -4.169895e+00 5.622453e+00 3.500000e+01
      vertex -4.440753e+00 5.411073e+00 3.500000e+01
      vertex -1.205347e+01 1.468720e+01 0.000000e+00
    endloop
  endfacet
  facet normal 5.819943e-01 -7.457567e-01 -3.242369e-01
    outer loop
      vertex -4.169895e+00 5.622453e+00 3.500000e+01
      vertex -1.205347e+01 1.468720e+01 0.000000e+00
      vertex -1.131829e+01 1.526094e+01 0.000000e+00
    endloop
  endfacet
  facet normal 0.000000e+00 0.000000e+00 -1.000000e+00
    outer loop
      vertex -5.361294e+00 7.228868e+00 3.500000e+01
      vertex -4.169895e+00 5.622453e+00 3.500000e+01
      vertex -4.440753e+00 5.411073e+00 3.500000e+01
    endloop
  endfacet
  facet normal 0.000000e+00 -0.000000e+00 -1.000000e+00
    outer loop
      vertex -5.361294e+00 7.228868e+00 3.500000e+01
      vertex -4.440753e+00 5.411073e+00 3.500000e+01
      vertex -5.709540e+00 6.957094e+00 3.500000e+01
    endloop
  endfacet
  facet normal 0.000000e+00 0.000000e+00 1.000000e+00
    outer loop
      vertex -1.429678e+01 1.927698e+01 0.000000e+00
      vertex -1.522544e+01 1.855225e+01 0.000000e+00
      vertex -1.205347e+01 1.468720e+01 0.000000e+00
    endloop
  endfacet
  facet normal 0.000000e+00 0.000000e+00 1.000000e+00
    outer loop
      vertex -1.429678e+01 1.927698e+01 0.000000e+00
      vertex -1.205347e+01 1.468720e+01 0.000000e+00
      vertex -1.131829e+01 1.526094e+01 0.000000e+00
    endloop
  endfacet
  facet normal -6.003886e-01 6.960173e-01 3.938191e-01
    outer loop
      vertex -5.709540e+00 6.957094e+00 3.500000e+01
      vertex -1.522544e+01 1.855225e+01 0.000000e+00
      vertex -1.611741e+01 1.778283e+01 0.000000e+00
    endloop
  endfacet
  facet normal -6.003886e-01 6.960173e-01 3.938191e-01
    outer loop
      vertex -5.709540e+00 6.957094e+00 3.500000e+01
      vertex -1.611741e+01 1.778283e+01 0.000000e+00
      vertex -6.044031e+00 6.668560e+00 3.500000e+01
    endloop
  endfacet
  facet normal 6.178858e-01 -7.163013e-01 -3.242369e-01
    outer loop
      vertex -4.440753e+00 5.411073e+00 3.500000e+01
      vertex -4.700913e+00 5.186658e+00 3.500000e+01
      vertex -1.275962e+01 1.407807e+01 0.000000e+00
    endloop
  endfacet
  facet normal 6.178858e-01 -7.163013e-01 -3.242369e-01
    outer loop
      vertex -4.440753e+00 5.411073e+00 3.500000e+01
      vertex -1.275962e+01 1.407807e+01 0.000000e+00
      vertex -1.205347e+01 1.468720e+01 0.000000e+00
    endloop
  endfacet
  facet normal 0.000000e+00 0.000000e+00 -1.000000e+00
    outer loop
      vertex -5.709540e+00 6.957094e+00 3.500000e+01
      vertex -4.440753e+00 5.411073e+00 3.500000e+01
      vertex -4.700913e+00 5.186658e+00 3.500000e+01
    endloop
  endfacet
  facet normal 0.000000e+00 -0.000000e+00 -1.000000e+00
    outer loop
      vertex -5.709540e+00 6.957094e+00 3.500000e+01
      vertex -4.700913e+00 5.186658e+00 3.500000e+01
      vertex -6.044031e+00 6.668560e+00 3.500000e+01
    endloop
  endfacet
  facet normal 0.000000e+00 0.000000e+00 1.000000e+00
    outer loop
      vertex -1.522544e+01 1.855225e+01 0.000000e+00
      vertex -1.611741e+01 1.778283e+01 0.000000e+00
      vertex -1.275962e+01 1.407807e+01 0.000000e+00
    endloop
  endfacet
  facet normal 0.000000e+00 0.000000e+00 1.000000e+00
    outer loop
      vertex -1.522544e+01 1.855225e+01 0.000000e+00
      vertex -1.275962e+01 1.407807e+01 0.000000e+00
      vertex -1.205347e+01 1.468720e+01 0.000000e+00
    endloop
  endfacet
  facet normal -6.338174e-01 6.657192e-01 3.938191e-01
    outer loop
      vertex -6.044031e+00 6.668560e+00 3.500000e+01
      vertex -1.611741e+01 1.778283e+01 0.000000e+00
      vertex -1.697056e+01 1.697056e+01 0.000000e+00
    endloop
  endfacet
  facet normal -6.338174e-01 6.657192e-01 3.938191e-01
    outer loop
      vertex -6.044031e+00 6.668560e+00 3.500000e+01
      vertex -1.697056e+01 1.697056e+01 0.000000e+00
      vertex -6.363961e+00 6.363961e+00 3.500000e+01
    endloop
  endfacet
  facet normal 6.522887e-01 -6.851203e-01 -3.242369e-01
    outer loop
      vertex -4.700913e+00 5.186658e+00 3.500000e+01
      vertex -4.949747e+00 4.949747e+00 3.500000e+01
      vertex -1.343503e+01 1.343503e+01 0.000000e+00
    endloop
  endfacet
  facet normal 6.522887e-01 -6.851203e-01 -3.242369e-01
    outer loop
      vertex -4.700913e+00 5.186658e+00 3.500000e+01
      vertex -1.343503e+01 1.343503e+01 0.000000e+00
      vertex -1.275962e+01 1.407807e+01 0.000000e+00
    endloop
  endfacet
  facet normal 0.000000e+00 0.000000e+00 -1.000000e+00
    outer loop
      vertex -6.044031e+00 6.668560e+00 3.500000e+01
      vertex -4.700913e+00 5.186658e+00 3.500000e+01
      vertex -4.949747e+00 4.949747e+00 3.500000e+01
    endloop
  endfacet
  facet normal 0.000000e+00 -0.000000e+00 -1.000000e+00
    outer loop
      vertex -6.044031e+00 6.668560e+00 3.500000e+01
      vertex -4.949747e+00 4.949747e+00 3.500000e+01
      vertex -6.363961e+00 6.363961e+00 3.500000e+01
    endloop
  endfacet
  facet normal 0.000000e+00 0.000000e+00 1.000000e+00
    outer loop
      vertex -1.611741e+01 1.778283e+01 0.000000e+00
      vertex -1.697056e+01 1.697056e+01 0.000000e+00
      vertex -1.343503e+01 1.343503e+01 0.000000e+00
    endloop
  endfacet
  facet normal 0.000000e+00 0.000000e+00 1.000000e+00
    outer loop
      vertex -1.611741e+01 1.778283e+01 0.000000e+00
      vertex -1.343503e+01 1.343503e+01 0.000000e+00
      vertex -1.275962e+01 1.407807e+01 0.000000e+00
    endloop
  endfacet
  facet normal -6.657192e-01 6.338174e-01 3.938191e-01
    outer loop
      vertex -6.363961e+00 6.363961e+00 3.500000e+01
      vertex -1.697056e+01 1.697056e+01 0.000000e+00
      vertex -1.778283e+01 1.611741e+01 0.000000e+00
    endloop
  endfacet
  facet normal -6.657192e-01 6.338174e-01 3.938191e-01
    outer loop
      vertex -6.363961e+00 6.363961e+00 3.500000e+01
      vertex -1.778283e+01 1.611741e+01 0.000000e+00
      vertex -6.668560e+00 6.044031e+00 3.500000e+01
    endloop
  endfacet
  facet normal 6.851203e-01 -6.522887e-01 -3.242369e-01
    outer loop
      vertex -4.949747e+00 4.949747e+00 3.500000e+01
      vertex -5.186658e+00 4.700913e+00 3.500000e+01
      vertex -1.407807e+01 1.275962e+01 0.000000e+00
    endloop
  endfacet
  facet normal 6.851203e-01 -6.522887e-01 -3.242369e-01
    outer loop
      vertex -4.949747e+00 4.949747e+00 3.500000e+01
      vertex -1.407807e+01 1.275962e+01 0.000000e+00
      vertex -1.343503e+01 1.343503e+01 0.000000e+00
    endloop
  endfacet
  facet normal 0.000000e+00 0.000000e+00 -1.000000e+00
    outer loop
      vertex -6.363961e+00 6.363961e+00 3.500000e+01
      vertex -4.949747e+00 4.949747e+00 3.500000e+01
      vertex -5.186658e+00 4.700913e+00 3.500000e+01
    endloop
  endfacet
  facet normal 0.000000e+00 -0.000000e+00 -1.000000e+00
    outer loop
      vertex -6.363961e+00 6.363961e+00 3.500000e+01
      vertex -5.186658e+00 4.700913e+00 3.500000e+01
      vertex -6.668560e+00 6.044031e+00 3.500000e+01
    endloop
  endfacet
  facet normal 0.000000e+00 0.000000e+00 1.000000e+00
    outer loop
      vertex -1.697056e+01 1.697056e+01 0.000000e+00
      vertex -1.778283e+01 1.611741e+01 0.000000e+00
      vertex -1.407807e+01 1.275962e+01 0.000000e+00
    endloop
  endfacet
  facet normal 0.000000e+00 0.000000e+00 1.000000e+00
    outer loop
      vertex -1.697056e+01 1.697056e+01 0.000000e+00
      vertex -1.407807e+01 1.275962e+01 0.000000e+00
      vertex -1.343503e+01 1.343503e+01 0.000000e+00
    endloop
  endfacet
  facet normal -6.960173e-01 6.003886e-01 3.938191e-01
    outer loop
      vertex -6.668560e+00 6.044031e+00 3.500000e+01
      vertex -1.778283e+01 1.611741e+01 0.000000e+00
      vertex -1.855225e+01 1.522544e+01 0.000000e+00
    endloop
  endfacet
  facet normal -6.960173e-01 6.003886e-01 3.938191e-01
    outer loop
      vertex -6.668560e+00 6.044031e+00 3.500000e+01
      vertex -1.855225e+01 1.522544e+01 0.000000e+00
      vertex -6.957094e+00 5.709540e+00 3.500000e+01
    endloop
  endfacet
  facet normal 7.163013e-01 -6.178858e-01 -3.242369e-01
    outer loop
      vertex -5.186658e+00 4.700913e+00 3.500000e+01
      vertex -5.411073e+00 4.440753e+00 3.500000e+01
      vertex -1.468720e+01 1.205347e+01 0.000000e+00
    endloop
  endfacet
  facet normal 7.163013e-01 -6.178858e-01 -3.242369e-01
    outer loop
      vertex -5.186658e+00 4.700913e+00 3.500000e+01
      vertex -1.468720e+01 1.205347e+01 0.000000e+00
      vertex -1.407807e+01 1.275962e+01 0.000000e+00
    endloop
  endfacet
  facet normal 0.000000e+00 0.000000e+00 -1.000000e+00
    outer loop
      vertex -6.668560e+00 6.044031e+00 3.500000e+01
      vertex -5.186658e+00 4.700913e+00 3.500000e+01
      vertex -5.411073e+00 4.440753e+00 3.500000e+01
    endloop
  endfacet
  facet normal 0.000000e+00 -0.000000e+00 -1.000000e+00
    outer loop
      vertex -6.668560e+00 6.044031e+00 3.500000e+01
      vertex -5.411073e+00 4.440753e+00 3.500000e+01
      vertex -6.957094e+00 5.709540e+00 3.500000e+01
    endloop
  endfacet
  facet normal 0.000000e+00 0.000000e+00 1.000000e+00
    outer loop
      vertex -1.778283e+01 1.611741e+01 0.000000e+00
      vertex -1.855225e+01 1.522544e+01 0.000000e+00
      vertex -1.468720e+01 1.205347e+01 0.000000e+00
    endloop
  endfacet
  facet normal 0.000000e+00 0.000000e+00 1.000000e+00
    outer loop
      vertex -1.778283e+01 1.611741e+01 0.000000e+00
      vertex -1.468720e+01 1.205347e+01 0.000000e+00
      vertex -1.407807e+01 1.275962e+01 0.000000e+00
    endloop
  endfacet
  facet normal -7.246386e-01 5.655135e-01 3.938191e-01
    outer loop
      vertex -6.957094e+00 5.709540e+00 3.500000e+01
      vertex -1.855225e+01 1.522544e+01 0.000000e+00
      vertex -1.927698e+01 1.429678e+01 0.000000e+00
    endloop
  endfacet
  facet normal -7.246386e-01 5.655135e-01 3.938191e-01
    outer loop
      vertex -6.957094e+00 5.709540e+00 3.500000e+01
      vertex -1.927698e+01 1.429678e+01 0.000000e+00
      vertex -7.228868e+00 5.361294e+00 3.500000e+01
    endloop
  endfacet
  facet normal 7.457567e-01 -5.819943e-01 -3.242369e-01
    outer loop
      vertex -5.411073e+00 4.440753e+00 3.500000e+01
      vertex -5.622453e+00 4.169895e+00 3.500000e+01
      vertex -1.526094e+01 1.131829e+01 0.000000e+00
    endloop
  endfacet
  facet normal 7.457567e-01 -5.819943e-01 -3.242369e-01
    outer loop
      vertex -5.411073e+00 4.440753e+00 3.500000e+01
      vertex -1.526094e+01 1.131829e+01 0.000000e+00
      vertex -1.468720e+01 1.205347e+01 0.000000e+00
    endloop
  endfacet
  facet normal 0.000000e+00 0.000000e+00 -1.000000e+00
    outer loop
      vertex -6.957094e+00 5.709540e+00 3.500000e+01
      vertex -5.411073e+00 4.440753e+00 3.500000e+01
      vertex -5.622453e+00 4.169895e+00 3.500000e+01
    endloop
  endfacet
  facet normal 0.000000e+00 -0.000000e+00 -1.000000e+00
    outer loop
      vertex -6.957094e+00 5.709540e+00 3.500000e+01
      vertex -5.622453e+00 4.169895e+00 3.500000e+01
      vertex -7.228868e+00 5.361294e+00 3.500000e+01
    endloop
  endfacet
  facet normal 0.000000e+00 0.000000e+00 1.000000e+00
    outer loop
      vertex -1.855225e+01 1.522544e+01 0.000000e+00
      vertex -1.927698e+01 1.429678e+01 0.000000e+00
      vertex -1.526094e+01 1.131829e+01 0.000000e+00
    endloop
  endfacet
  facet normal 0.000000e+00 0.000000e+00 1.000000e+00
    outer loop
      vertex -1.855225e+01 1.522544e+01 0.000000e+00
      vertex -1.526094e+01 1.131829e+01 0.000000e+00
      vertex -1.468720e+01 1.205347e+01 0.000000e+00
    endloop
  endfacet
  facet normal -7.515141e-01 5.292760e-01 3.938191e-01
    outer loop
      vertex -7.228868e+00 5.361294e+00 3.500000e+01
      vertex -1.927698e+01 1.429678e+01 0.000000e+00
      vertex -1.995527e+01 1.333369e+01 0.000000e+00
    endloop
  endfacet
  facet normal -7.515141e-01 5.292760e-01 3.938191e-01
    outer loop
      vertex -7.228868e+00 5.361294e+00 3.500000e+01
      vertex -1.995527e+01 1.333369e+01 0.000000e+00
      vertex -7.483227e+00 5.000132e+00 3.500000e+01
    endloop
  endfacet
  facet normal 7.734155e-01 -5.447007e-01 -3.242369e-01
    outer loop
      vertex -5.622453e+00 4.169895e+00 3.500000e+01
      vertex -5.820287e+00 3.888992e+00 3.500000e+01
      vertex -1.579792e+01 1.055583e+01 0.000000e+00
    endloop
  endfacet
  facet normal 7.734155e-01 -5.447007e-01 -3.242369e-01
    outer loop
      vertex -5.622453e+00 4.169895e+00 3.500000e+01
      vertex -1.579792e+01 1.055583e+01 0.000000e+00
      vertex -1.526094e+01 1.131829e+01 0.000000e+00
    endloop
  endfacet
  facet normal 0.000000e+00 0.000000e+00 -1.000000e+00
    outer loop
      vertex -7.228868e+00 5.361294e+00 3.500000e+01
      vertex -5.622453e+00 4.169895e+00 3.500000e+01
      vertex -5.820287e+00 3.888992e+00 3.500000e+01
    endloop
  endfacet
  facet normal 0.000000e+00 -0.000000e+00 -1.000000e+00
    outer loop
      vertex -7.228868e+00 5.361294e+00 3.500000e+01
      vertex -5.820287e+00 3.888992e+00 3.500000e+01
      vertex -7.483227e+00 5.000132e+00 3.500000e+01
    endloop
  endfacet
  facet normal 0.000000e+00 0.000000e+00 1.000000e+00
    outer loop
      vertex -1.927698e+01 1.429678e+01 0.000000e+00
      vertex -1.995527e+01 1.333369e+01 0.000000e+00
      vertex -1.579792e+01 1.055583e+01 0.000000e+00
    endloop
  endfacet
  facet normal 0.000000e+00 0.000000e+00 1.000000e+00
    outer loop
      vertex -1.927698e+01 1.429678e+01 0.000000e+00
      vertex -1.579792e+01 1.055583e+01 0.000000e+00
      vertex -1.526094e+01 1.131829e+01 0.000000e+00
    endloop
  endfacet
  facet normal -7.765792e-01 4.917634e-01 3.938191e-01
    outer loop
      vertex -7.483227e+00 5.000132e+00 3.500000e+01
      vertex -1.995527e+01 1.333369e+01 0.000000e+00
      vertex -2.058549e+01 1.233847e+01 0.000000e+00
    endloop
  endfacet
  facet normal -7.765792e-01 4.917634e-01 3.938191e-01
    outer loop
      vertex -7.483227e+00 5.000132e+00 3.500000e+01
      vertex -2.058549e+01 1.233847e+01 0.000000e+00
      vertex -7.719557e+00 4.626925e+00 3.500000e+01
    endloop
  endfacet
  facet normal 7.992111e-01 -5.060949e-01 -3.242369e-01
    outer loop
      vertex -5.820287e+00 3.888992e+00 3.500000e+01
      vertex -6.004100e+00 3.598719e+00 3.500000e+01
      vertex -1.629684e+01 9.767952e+00 0.000000e+00
    endloop
  endfacet
  facet normal 7.992111e-01 -5.060949e-01 -3.242369e-01
    outer loop
      vertex -5.820287e+00 3.888992e+00 3.500000e+01
      vertex -1.629684e+01 9.767952e+00 0.000000e+00
      vertex -1.579792e+01 1.055583e+01 0.000000e+00
    endloop
  endfacet
  facet normal 0.000000e+00 0.000000e+00 -1.000000e+00
    outer loop
      vertex -7.483227e+00 5.000132e+00 3.500000e+01
      vertex -5.820287e+00 3.888992e+00 3.500000e+01
      vertex -6.004100e+00 3.598719e+00 3.500000e+01
    endloop
  endfacet
  facet normal 0.000000e+00 -0.000000e+00 -1.000000e+00
    outer loop
      vertex -7.483227e+00 5.000132e+00 3.500000e+01
      vertex -6.004100e+00 3.598719e+00 3.500000e+01
      vertex -7.719557e+00 4.626925e+00 3.500000e+01
    endloop
  endfacet
  facet normal 0.000000e+00 0.000000e+00 1.000000e+00
    outer loop
      vertex -1.995527e+01 1.333369e+01 0.000000e+00
      vertex -2.058549e+01 1.233847e+01 0.000000e+00
      vertex -1.629684e+01 9.767952e+00 0.000000e+00
    endloop
  endfacet
  facet normal 0.000000e+00 0.000000e+00 1.000000e+00
    outer loop
      vertex -1.995527e+01 1.333369e+01 0.000000e+00
      vertex -1.629684e+01 9.767952e+00 0.000000e+00
      vertex -1.579792e+01 1.055583e+01 0.000000e+00
    endloop
  endfacet
  facet normal -7.997735e-01 4.530661e-01 3.938191e-01
    outer loop
      vertex -7.719557e+00 4.626925e+00 3.500000e+01
      vertex -2.058549e+01 1.233847e+01 0.000000e+00
      vertex -2.116611e+01 1.131352e+01 0.000000e+00
    endloop
  endfacet
  facet normal -7.997735e-01 4.530661e-01 3.938191e-01
    outer loop
      vertex -7.719557e+00 4.626925e+00 3.500000e+01
      vertex -2.116611e+01 1.131352e+01 0.000000e+00
      vertex -7.937291e+00 4.242571e+00 3.500000e+01
    endloop
  endfacet
  facet normal 8.230813e-01 -4.662698e-01 -3.242369e-01
    outer loop
      vertex -6.004100e+00 3.598719e+00 3.500000e+01
      vertex -6.173449e+00 3.299777e+00 3.500000e+01
      vertex -1.675650e+01 8.956538e+00 0.000000e+00
    endloop
  endfacet
  facet normal 8.230813e-01 -4.662698e-01 -3.242369e-01
    outer loop
      vertex -6.004100e+00 3.598719e+00 3.500000e+01
      vertex -1.675650e+01 8.956538e+00 0.000000e+00
      vertex -1.629684e+01 9.767952e+00 0.000000e+00
    endloop
  endfacet
  facet normal 0.000000e+00 0.000000e+00 -1.000000e+00
    outer loop
      vertex -7.719557e+00 4.626925e+00 3.500000e+01
      vertex -6.004100e+00 3.598719e+00 3.500000e+01
      vertex -6.173449e+00 3.299777e+00 3.500000e+01
    endloop
  endfacet
  facet normal 0.000000e+00 -0.000000e+00 -1.000000e+00
    outer loop
      vertex -7.719557e+00 4.626925e+00 3.500000e+01
      vertex -6.173449e+00 3.299777e+00 3.500000e+01
      vertex -7.937291e+00 4.242571e+00 3.500000e+01
    endloop
  endfacet
  facet normal 0.000000e+00 0.000000e+00 1.000000e+00
    outer loop
      vertex -2.058549e+01 1.233847e+01 0.000000e+00
      vertex -2.116611e+01 1.131352e+01 0.000000e+00
      vertex -1.675650e+01 8.956538e+00 0.000000e+00
    endloop
  endfacet
  facet normal 0.000000e+00 0.000000e+00 1.000000e+00
    outer loop
      vertex -2.058549e+01 1.233847e+01 0.000000e+00
      vertex -1.675650e+01 8.956538e+00 0.000000e+00
      vertex -1.629684e+01 9.767952e+00 0.000000e+00
    endloop
  endfacet
  facet normal -8.210410e-01 4.132773e-01 3.938191e-01
    outer loop
      vertex -7.937291e+00 4.242571e+00 3.500000e+01
      vertex -2.116611e+01 1.131352e+01 0.000000e+00
      vertex -2.169574e+01 1.026132e+01 0.000000e+00
    endloop
  endfacet
  facet normal -8.210410e-01 4.132773e-01 3.938191e-01
    outer loop
      vertex -7.937291e+00 4.242571e+00 3.500000e+01
      vertex -2.169574e+01 1.026132e+01 0.000000e+00
      vertex -8.135904e+00 3.847996e+00 3.500000e+01
    endloop
  endfacet
  facet normal 8.449687e-01 -4.253215e-01 -3.242369e-01
    outer loop
      vertex -6.173449e+00 3.299777e+00 3.500000e+01
      vertex -6.327925e+00 2.992886e+00 3.500000e+01
      vertex -1.717580e+01 8.123547e+00 0.000000e+00
    endloop
  endfacet
  facet normal 8.449687e-01 -4.253215e-01 -3.242369e-01
    outer loop
      vertex -6.173449e+00 3.299777e+00 3.500000e+01
      vertex -1.717580e+01 8.123547e+00 0.000000e+00
      vertex -1.675650e+01 8.956538e+00 0.000000e+00
    endloop
  endfacet
  facet normal 0.000000e+00 0.000000e+00 -1.000000e+00
    outer loop
      vertex -7.937291e+00 4.242571e+00 3.500000e+01
      vertex -6.173449e+00 3.299777e+00 3.500000e+01
      vertex -6.327925e+00 2.992886e+00 3.500000e+01
    endloop
  endfacet
  facet normal 0.000000e+00 -0.000000e+00 -1.000000e+00
    outer loop
      vertex -7.937291e+00 4.242571e+00 3.500000e+01
      vertex -6.327925e+00 2.992886e+00 3.500000e+01
      vertex -8.135904e+00 3.847996e+00 3.500000e+01
    endloop
  endfacet
  facet normal 0.000000e+00 0.000000e+00 1.000000e+00
    outer loop
      vertex -2.116611e+01 1.131352e+01 0.000000e+00
      vertex -2.169574e+01 1.026132e+01 0.000000e+00
      vertex -1.717580e+01 8.123547e+00 0.000000e+00
    endloop
  endfacet
  facet normal 0.000000e+00 0.000000e+00 1.000000e+00
    outer loop
      vertex -2.116611e+01 1.131352e+01 0.000000e+00
      vertex -1.717580e+01 8.123547e+00 0.000000e+00
      vertex -1.675650e+01 8.956538e+00 0.000000e+00
    endloop
  endfacet
  facet normal -8.403306e-01 3.724929e-01 3.938191e-01
    outer loop
      vertex -8.135904e+00 3.847996e+00 3.500000e+01
      vertex -2.169574e+01 1.026132e+01 0.000000e+00
      vertex -2.217311e+01 9.184402e+00 0.000000e+00
    endloop
  endfacet
  facet normal -8.403306e-01 3.724929e-01 3.938191e-01
    outer loop
      vertex -8.135904e+00 3.847996e+00 3.500000e+01
      vertex -2.217311e+01 9.184402e+00 0.000000e+00
      vertex -8.314916e+00 3.444151e+00 3.500000e+01
    endloop
  endfacet
  facet normal 8.648204e-01 -3.833485e-01 -3.242369e-01
    outer loop
      vertex -6.327925e+00 2.992886e+00 3.500000e+01
      vertex -6.467157e+00 2.678784e+00 3.500000e+01
      vertex -1.755371e+01 7.270985e+00 0.000000e+00
    endloop
  endfacet
  facet normal 8.648204e-01 -3.833485e-01 -3.242369e-01
    outer loop
      vertex -6.327925e+00 2.992886e+00 3.500000e+01
      vertex -1.755371e+01 7.270985e+00 0.000000e+00
      vertex -1.717580e+01 8.123547e+00 0.000000e+00
    endloop
  endfacet
  facet normal 0.000000e+00 0.000000e+00 -1.000000e+00
    outer loop
      vertex -8.135904e+00 3.847996e+00 3.500000e+01
      vertex -6.327925e+00 2.992886e+00 3.500000e+01
      vertex -6.467157e+00 2.678784e+00 3.500000e+01
    endloop
  endfacet
  facet normal 0.000000e+00 -0.000000e+00 -1.000000e+00
    outer loop
      vertex -8.135904e+00 3.847996e+00 3.500000e+01
      vertex -6.467157e+00 2.678784e+00 3.500000e+01
      vertex -8.314916e+00 3.444151e+00 3.500000e+01
    endloop
  endfacet
  facet normal 0.000000e+00 0.000000e+00 1.000000e+00
    outer loop
      vertex -2.169574e+01 1.026132e+01 0.000000e+00
      vertex -2.217311e+01 9.184402e+00 0.000000e+00
      vertex -1.755371e+01 7.270985e+00 0.000000e+00
    endloop
  endfacet
  facet normal 0.000000e+00 0.000000e+00 1.000000e+00
    outer loop
      vertex -2.169574e+01 1.026132e+01 0.000000e+00
      vertex -1.755371e+01 7.270985e+00 0.000000e+00
      vertex -1.717580e+01 8.123547e+00 0.000000e+00
    endloop
  endfacet
  facet normal -8.575958e-01 3.308112e-01 3.938191e-01
    outer loop
      vertex -8.314916e+00 3.444151e+00 3.500000e+01
      vertex -2.217311e+01 9.184402e+00 0.000000e+00
      vertex -2.259706e+01 8.085356e+00 0.000000e+00
    endloop
  endfacet
  facet normal -8.575958e-01 3.308112e-01 3.938191e-01
    outer loop
      vertex -8.314916e+00 3.444151e+00 3.500000e+01
      vertex -2.259706e+01 8.085356e+00 0.000000e+00
      vertex -8.473897e+00 3.032009e+00 3.500000e+01
    endloop
  endfacet
  facet normal 8.825887e-01 -3.404520e-01 -3.242369e-01
    outer loop
      vertex -6.467157e+00 2.678784e+00 3.500000e+01
      vertex -6.590808e+00 2.358229e+00 3.500000e+01
      vertex -1.788934e+01 6.400907e+00 0.000000e+00
    endloop
  endfacet
  facet normal 8.825887e-01 -3.404520e-01 -3.242369e-01
    outer loop
      vertex -6.467157e+00 2.678784e+00 3.500000e+01
      vertex -1.788934e+01 6.400907e+00 0.000000e+00
      vertex -1.755371e+01 7.270985e+00 0.000000e+00
    endloop
  endfacet
  facet normal 0.000000e+00 0.000000e+00 -1.000000e+00
    outer loop
      vertex -8.314916e+00 3.444151e+00 3.500000e+01
      vertex -6.467157e+00 2.678784e+00 3.500000e+01
      vertex -6.590808e+00 2.358229e+00 3.500000e+01
    endloop
  endfacet
  facet normal 0.000000e+00 -0.000000e+00 -1.000000e+00
    outer loop
      vertex -8.314916e+00 3.444151e+00 3.500000e+01
      vertex -6.590808e+00 2.358229e+00 3.500000e+01
      vertex -8.473897e+00 3.032009e+00 3.500000e+01
    endloop
  endfacet
  facet normal 0.000000e+00 0.000000e+00 1.000000e+00
    outer loop
      vertex -2.217311e+01 9.184402e+00 0.000000e+00
      vertex -2.259706e+01 8.085356e+00 0.000000e+00
      vertex -1.788934e+01 6.400907e+00 0.000000e+00
    endloop
  endfacet
  facet normal 0.000000e+00 0.000000e+00 1.000000e+00
    outer loop
      vertex -2.217311e+01 9.184402e+00 0.000000e+00
      vertex -1.788934e+01 6.400907e+00 0.000000e+00
      vertex -1.755371e+01 7.270985e+00 0.000000e+00
    endloop
  endfacet
  facet normal -8.727949e-01 2.883325e-01 3.938191e-01
    outer loop
      vertex -8.473897e+00 3.032009e+00 3.500000e+01
      vertex -2.259706e+01 8.085356e+00 0.000000e+00
      vertex -2.296657e+01 6.966832e+00 0.000000e+00
    endloop
  endfacet
  facet normal -8.727949e-01 2.883325e-01 3.938191e-01
    outer loop
      vertex -8.473897e+00 3.032009e+00 3.500000e+01
      vertex -2.296657e+01 6.966832e+00 0.000000e+00
      vertex -8.612463e+00 2.612562e+00 3.500000e+01
    endloop
  endfacet
  facet normal 8.982308e-01 -2.967354e-01 -3.242369e-01
    outer loop
      vertex -6.590808e+00 2.358229e+00 3.500000e+01
      vertex -6.698582e+00 2.031993e+00 3.500000e+01
      vertex -1.818187e+01 5.515409e+00 0.000000e+00
    endloop
  endfacet
  facet normal 8.982308e-01 -2.967354e-01 -3.242369e-01
    outer loop
      vertex -6.590808e+00 2.358229e+00 3.500000e+01
      vertex -1.818187e+01 5.515409e+00 0.000000e+00
      vertex -1.788934e+01 6.400907e+00 0.000000e+00
    endloop
  endfacet
  facet normal 0.000000e+00 0.000000e+00 -1.000000e+00
    outer loop
      vertex -8.473897e+00 3.032009e+00 3.500000e+01
      vertex -6.590808e+00 2.358229e+00 3.500000e+01
      vertex -6.698582e+00 2.031993e+00 3.500000e+01
    endloop
  endfacet
  facet normal 0.000000e+00 -0.000000e+00 -1.000000e+00
    outer loop
      vertex -8.473897e+00 3.032009e+00 3.500000e+01
      vertex -6.698582e+00 2.031993e+00 3.500000e+01
      vertex -8.612463e+00 2.612562e+00 3.500000e+01
    endloop
  endfacet
  facet normal 0.000000e+00 0.000000e+00 1.000000e+00
    outer loop
      vertex -2.259706e+01 8.085356e+00 0.000000e+00
      vertex -2.296657e+01 6.966832e+00 0.000000e+00
      vertex -1.818187e+01 5.515409e+00 0.000000e+00
    endloop
  endfacet
  facet normal 0.000000e+00 0.000000e+00 1.000000e+00
    outer loop
      vertex -2.259706e+01 8.085356e+00 0.000000e+00
      vertex -1.818187e+01 5.515409e+00 0.000000e+00
      vertex -1.788934e+01 6.400907e+00 0.000000e+00
    endloop
  endfacet
  facet normal -8.858914e-01 2.451592e-01 3.938191e-01
    outer loop
      vertex -8.612463e+00 2.612562e+00 3.500000e+01
      vertex -2.296657e+01 6.966832e+00 0.000000e+00
      vertex -2.328075e+01 5.831524e+00 0.000000e+00
    endloop
  endfacet
  facet normal -8.858914e-01 2.451592e-01 3.938191e-01
    outer loop
      vertex -8.612463e+00 2.612562e+00 3.500000e+01
      vertex -2.328075e+01 5.831524e+00 0.000000e+00
      vertex -8.730281e+00 2.186822e+00 3.500000e+01
    endloop
  endfacet
  facet normal 9.117089e-01 -2.523038e-01 -3.242369e-01
    outer loop
      vertex -6.698582e+00 2.031993e+00 3.500000e+01
      vertex -6.790219e+00 1.700861e+00 3.500000e+01
      vertex -1.843059e+01 4.616623e+00 0.000000e+00
    endloop
  endfacet
  facet normal 9.117089e-01 -2.523038e-01 -3.242369e-01
    outer loop
      vertex -6.698582e+00 2.031993e+00 3.500000e+01
      vertex -1.843059e+01 4.616623e+00 0.000000e+00
      vertex -1.818187e+01 5.515409e+00 0.000000e+00
    endloop
  endfacet
  facet normal 0.000000e+00 0.000000e+00 -1.000000e+00
    outer loop
      vertex -8.612463e+00 2.612562e+00 3.500000e+01
      vertex -6.698582e+00 2.031993e+00 3.500000e+01
      vertex -6.790219e+00 1.700861e+00 3.500000e+01
    endloop
  endfacet
  facet normal 0.000000e+00 -0.000000e+00 -1.000000e+00
    outer loop
      vertex -8.612463e+00 2.612562e+00 3.500000e+01
      vertex -6.790219e+00 1.700861e+00 3.500000e+01
      vertex -8.730281e+00 2.186822e+00 3.500000e+01
    endloop
  endfacet
  facet normal 0.000000e+00 0.000000e+00 1.000000e+00
    outer loop
      vertex -2.296657e+01 6.966832e+00 0.000000e+00
      vertex -2.328075e+01 5.831524e+00 0.000000e+00
      vertex -1.843059e+01 4.616623e+00 0.000000e+00
    endloop
  endfacet
  facet normal 0.000000e+00 0.000000e+00 1.000000e+00
    outer loop
      vertex -2.296657e+01 6.966832e+00 0.000000e+00
      vertex -1.843059e+01 4.616623e+00 0.000000e+00
      vertex -1.818187e+01 5.515409e+00 0.000000e+00
    endloop
  endfacet
  facet normal -8.968537e-01 2.013952e-01 3.938191e-01
    outer loop
      vertex -8.730281e+00 2.186822e+00 3.500000e+01
      vertex -2.328075e+01 5.831524e+00 0.000000e+00
      vertex -2.353885e+01 4.682168e+00 0.000000e+00
    endloop
  endfacet
  facet normal -8.968537e-01 2.013952e-01 3.938191e-01
    outer loop
      vertex -8.730281e+00 2.186822e+00 3.500000e+01
      vertex -2.353885e+01 4.682168e+00 0.000000e+00
      vertex -8.827068e+00 1.755813e+00 3.500000e+01
    endloop
  endfacet
  facet normal 9.229907e-01 -2.072645e-01 -3.242369e-01
    outer loop
      vertex -6.790219e+00 1.700861e+00 3.500000e+01
      vertex -6.865497e+00 1.365632e+00 3.500000e+01
      vertex -1.863492e+01 3.706716e+00 0.000000e+00
    endloop
  endfacet
  facet normal 9.229907e-01 -2.072645e-01 -3.242369e-01
    outer loop
      vertex -6.790219e+00 1.700861e+00 3.500000e+01
      vertex -1.863492e+01 3.706716e+00 0.000000e+00
      vertex -1.843059e+01 4.616623e+00 0.000000e+00
    endloop
  endfacet
  facet normal 0.000000e+00 0.000000e+00 -1.000000e+00
    outer loop
      vertex -8.730281e+00 2.186822e+00 3.500000e+01
      vertex -6.790219e+00 1.700861e+00 3.500000e+01
      vertex -6.865497e+00 1.365632e+00 3.500000e+01
    endloop
  endfacet
  facet normal 0.000000e+00 -0.000000e+00 -1.000000e+00
    outer loop
      vertex -8.730281e+00 2.186822e+00 3.500000e+01
      vertex -6.865497e+00 1.365632e+00 3.500000e+01
      vertex -8.827068e+00 1.755813e+00 3.500000e+01
    endloop
  endfacet
  facet normal 0.000000e+00 0.000000e+00 1.000000e+00
    outer loop
      vertex -2.328075e+01 5.831524e+00 0.000000e+00
      vertex -2.353885e+01 4.682168e+00 0.000000e+00
      vertex -1.863492e+01 3.706716e+00 0.000000e+00
    endloop
  endfacet
  facet normal 0.000000e+00 0.000000e+00 1.000000e+00
    outer loop
      vertex -2.328075e+01 5.831524e+00 0.000000e+00
      vertex -1.863492e+01 3.706716e+00 0.000000e+00
      vertex -1.843059e+01 4.616623e+00 0.000000e+00
    endloop
  endfacet
  facet normal -9.056554e-01 1.571461e-01 3.938191e-01
    outer loop
      vertex -8.827068e+00 1.755813e+00 3.500000e+01
      vertex -2.353885e+01 4.682168e+00 0.000000e+00
      vertex -2.374024e+01 3.521531e+00 0.000000e+00
    endloop
  endfacet
  facet normal -9.056554e-01 1.571461e-01 3.938191e-01
    outer loop
      vertex -8.827068e+00 1.755813e+00 3.500000e+01
      vertex -2.374024e+01 3.521531e+00 0.000000e+00
      vertex -8.902589e+00 1.320574e+00 3.500000e+01
    endloop
  endfacet
  facet normal 9.320489e-01 -1.617258e-01 -3.242369e-01
    outer loop
      vertex -6.865497e+00 1.365632e+00 3.500000e+01
      vertex -6.924236e+00 1.027113e+00 3.500000e+01
      vertex -1.879435e+01 2.787879e+00 0.000000e+00
    endloop
  endfacet
  facet normal 9.320489e-01 -1.617258e-01 -3.242369e-01
    outer loop
      vertex -6.865497e+00 1.365632e+00 3.500000e+01
      vertex -1.879435e+01 2.787879e+00 0.000000e+00
      vertex -1.863492e+01 3.706716e+00 0.000000e+00
    endloop
  endfacet
  facet normal 0.000000e+00 0.000000e+00 -1.000000e+00
    outer loop
      vertex -8.827068e+00 1.755813e+00 3.500000e+01
      vertex -6.865497e+00 1.365632e+00 3.500000e+01
      vertex -6.924236e+00 1.027113e+00 3.500000e+01
    endloop
  endfacet
  facet normal 0.000000e+00 -0.000000e+00 -1.000000e+00
    outer loop
      vertex -8.827068e+00 1.755813e+00 3.500000e+01
      vertex -6.924236e+00 1.027113e+00 3.500000e+01
      vertex -8.902589e+00 1.320574e+00 3.500000e+01
    endloop
  endfacet
  facet normal 0.000000e+00 0.000000e+00 1.000000e+00
    outer loop
      vertex -2.353885e+01 4.682168e+00 0.000000e+00
      vertex -2.374024e+01 3.521531e+00 0.000000e+00
      vertex -1.879435e+01 2.787879e+00 0.000000e+00
    endloop
  endfacet
  facet normal 0.000000e+00 0.000000e+00 1.000000e+00
    outer loop
      vertex -2.353885e+01 4.682168e+00 0.000000e+00
      vertex -1.879435e+01 2.787879e+00 0.000000e+00
      vertex -1.863492e+01 3.706716e+00 0.000000e+00
    endloop
  endfacet
  facet normal -9.122753e-01 1.125184e-01 3.938191e-01
    outer loop
      vertex -8.902589e+00 1.320574e+00 3.500000e+01
      vertex -2.374024e+01 3.521531e+00 0.000000e+00
      vertex -2.388443e+01 2.352411e+00 0.000000e+00
    endloop
  endfacet
  facet normal -9.122753e-01 1.125184e-01 3.938191e-01
    outer loop
      vertex -8.902589e+00 1.320574e+00 3.500000e+01
      vertex -2.388443e+01 2.352411e+00 0.000000e+00
      vertex -8.956663e+00 8.821543e-01 3.500000e+01
    endloop
  endfacet
  facet normal 9.388617e-01 -1.157975e-01 -3.242369e-01
    outer loop
      vertex -6.924236e+00 1.027113e+00 3.500000e+01
      vertex -6.966293e+00 6.861200e-01 3.500000e+01
      vertex -1.890851e+01 1.862326e+00 0.000000e+00
    endloop
  endfacet
  facet normal 9.388617e-01 -1.157975e-01 -3.242369e-01
    outer loop
      vertex -6.924236e+00 1.027113e+00 3.500000e+01
      vertex -1.890851e+01 1.862326e+00 0.000000e+00
      vertex -1.879435e+01 2.787879e+00 0.000000e+00
    endloop
  endfacet
  facet normal 0.000000e+00 0.000000e+00 -1.000000e+00
    outer loop
      vertex -8.902589e+00 1.320574e+00 3.500000e+01
      vertex -6.924236e+00 1.027113e+00 3.500000e+01
      vertex -6.966293e+00 6.861200e-01 3.500000e+01
    endloop
  endfacet
  facet normal 0.000000e+00 -0.000000e+00 -1.000000e+00
    outer loop
      vertex -8.902589e+00 1.320574e+00 3.500000e+01
      vertex -6.966293e+00 6.861200e-01 3.500000e+01
      vertex -8.956663e+00 8.821543e-01 3.500000e+01
    endloop
  endfacet
  facet normal 0.000000e+00 0.000000e+00 1.000000e+00
    outer loop
      vertex -2.374024e+01 3.521531e+00 0.000000e+00
      vertex -2.388443e+01 2.352411e+00 0.000000e+00
      vertex -1.890851e+01 1.862326e+00 0.000000e+00
    endloop
  endfacet
  facet normal 0.000000e+00 0.000000e+00 1.000000e+00
    outer loop
      vertex -2.374024e+01 3.521531e+00 0.000000e+00
      vertex -1.890851e+01 1.862326e+00 0.000000e+00
      vertex -1.879435e+01 2.787879e+00 0.000000e+00
    endloop
  endfacet
  facet normal -9.166974e-01 6.761966e-02 3.938191e-01
    outer loop
      vertex -8.956663e+00 8.821543e-01 3.500000e+01
      vertex -2.388443e+01 2.352411e+00 0.000000e+00
      vertex -2.397109e+01 1.177624e+00 0.000000e+00
    endloop
  endfacet
  facet normal -9.166974e-01 6.761966e-02 3.938191e-01
    outer loop
      vertex -8.956663e+00 8.821543e-01 3.500000e+01
      vertex -2.397109e+01 1.177624e+00 0.000000e+00
      vertex -8.989159e+00 4.416091e-01 3.500000e+01
    endloop
  endfacet
  facet normal 9.434127e-01 -6.959031e-02 -3.242369e-01
    outer loop
      vertex -6.966293e+00 6.861200e-01 3.500000e+01
      vertex -6.991568e+00 3.434737e-01 3.500000e+01
      vertex -1.897711e+01 9.322858e-01 0.000000e+00
    endloop
  endfacet
  facet normal 9.434127e-01 -6.959031e-02 -3.242369e-01
    outer loop
      vertex -6.966293e+00 6.861200e-01 3.500000e+01
      vertex -1.897711e+01 9.322858e-01 0.000000e+00
      vertex -1.890851e+01 1.862326e+00 0.000000e+00
    endloop
  endfacet
  facet normal 0.000000e+00 0.000000e+00 -1.000000e+00
    outer loop
      vertex -8.956663e+00 8.821543e-01 3.500000e+01
      vertex -6.966293e+00 6.861200e-01 3.500000e+01
      vertex -6.991568e+00 3.434737e-01 3.500000e+01
    endloop
  endfacet
  facet normal 0.000000e+00 -0.000000e+00 -1.000000e+00
    outer loop
      vertex -8.956663e+00 8.821543e-01 3.500000e+01
      vertex -6.991568e+00 3.434737e-01 3.500000e+01
      vertex -8.989159e+00 4.416091e-01 3.500000e+01
    endloop
  endfacet
  facet normal 0.000000e+00 0.000000e+00 1.000000e+00
    outer loop
      vertex -2.388443e+01 2.352411e+00 0.000000e+00
      vertex -2.397109e+01 1.177624e+00 0.000000e+00
      vertex -1.897711e+01 9.322858e-01 0.000000e+00
    endloop
  endfacet
  facet normal 0.000000e+00 0.000000e+00 1.000000e+00
    outer loop
      vertex -2.388443e+01 2.352411e+00 0.000000e+00
      vertex -1.897711e+01 9.322858e-01 0.000000e+00
      vertex -1.890851e+01 1.862326e+00 0.000000e+00
    endloop
  endfacet
  facet normal -9.189111e-01 2.255800e-02 3.938191e-01
    outer loop
      vertex -8.989159e+00 4.416091e-01 3.500000e+01
      vertex -2.397109e+01 1.177624e+00 0.000000e+00
      vertex -2.400000e+01 2.939152e-15 0.000000e+00
    endloop
  endfacet
  facet normal -9.189111e-01 2.255800e-02 3.938191e-01
    outer loop
      vertex -8.989159e+00 4.416091e-01 3.500000e+01
      vertex -2.400000e+01 2.939152e-15 0.000000e+00
      vertex -9.000000e+00 1.102182e-15 3.500000e+01
    endloop
  endfacet
  facet normal 9.456910e-01 -2.321541e-02 -3.242369e-01
    outer loop
      vertex -6.991568e+00 3.434737e-01 3.500000e+01
      vertex -7.000000e+00 8.572528e-16 3.500000e+01
      vertex -1.900000e+01 2.326829e-15 0.000000e+00
    endloop
  endfacet
  facet normal 9.456910e-01 -2.321541e-02 -3.242369e-01
    outer loop
      vertex -6.991568e+00 3.434737e-01 3.500000e+01
      vertex -1.900000e+01 2.326829e-15 0.000000e+00
      vertex -1.897711e+01 9.322858e-01 0.000000e+00
    endloop
  endfacet
  facet normal 0.000000e+00 0.000000e+00 -1.000000e+00
    outer loop
      vertex -8.989159e+00 4.416091e-01 3.500000e+01
      vertex -6.991568e+00 3.434737e-01 3.500000e+01
      vertex -7.000000e+00 8.572528e-16 3.500000e+01
    endloop
  endfacet
  facet normal 0.000000e+00 -0.000000e+00 -1.000000e+00
    outer loop
      vertex -8.989159e+00 4.416091e-01 3.500000e+01
      vertex -7.000000e+00 8.572528e-16 3.500000e+01
      vertex -9.000000e+00 1.102182e-15 3.500000e+01
    endloop
  endfacet
  facet normal 0.000000e+00 0.000000e+00 1.000000e+00
    outer loop
      vertex -2.397109e+01 1.177624e+00 0.000000e+00
      vertex -2.400000e+01 2.939152e-15 0.000000e+00
      vertex -1.900000e+01 2.326829e-15 0.000000e+00
    endloop
  endfacet
  facet normal 0.000000e+00 0.000000e+00 1.000000e+00
    outer loop
      vertex -2.397109e+01 1.177624e+00 0.000000e+00
      vertex -1.900000e+01 2.326829e-15 0.000000e+00
      vertex -1.897711e+01 9.322858e-01 0.000000e+00
    endloop
  endfacet
  facet normal -9.189111e-01 -2.255800e-02 3.938191e-01
    outer loop
      vertex -9.000000e+00 1.102182e-15 3.500000e+01
      vertex -2.400000e+01 2.939152e-15 0.000000e+00
      vertex -2.397109e+01 -1.177624e+00 0.000000e+00
    endloop
  endfacet
  facet normal -9.189111e-01 -2.255800e-02 3.938191e-01
    outer loop
      vertex -9.000000e+00 1.102182e-15 3.500000e+01
      vertex -2.397109e+01 -1.177624e+00 0.000000e+00
      vertex -8.989159e+00 -4.416091e-01 3.500000e+01
    endloop
  endfacet
  facet normal 9.456910e-01 2.321541e-02 -3.242369e-01
    outer loop
      vertex -7.000000e+00 8.572528e-16 3.500000e+01
      vertex -6.991568e+00 -3.434737e-01 3.500000e+01
      vertex -1.897711e+01 -9.322858e-01 0.000000e+00
    endloop
  endfacet
  facet normal 9.456910e-01 2.321541e-02 -3.242369e-01
    outer loop
      vertex -7.000000e+00 8.572528e-16 3.500000e+01
      vertex -1.897711e+01 -9.322858e-01 0.000000e+00
      vertex -1.900000e+01 2.326829e-15 0.000000e+00
    endloop
  endfacet
  facet normal 0.000000e+00 0.000000e+00 -1.000000e+00
    outer loop
      vertex -9.000000e+00 1.102182e-15 3.500000e+01
      vertex -7.000000e+00 8.572528e-16 3.500000e+01
      vertex -6.991568e+00 -3.434737e-01 3.500000e+01
    endloop
  endfacet
  facet normal 0.000000e+00 0.000000e+00 -1.000000e+00
    outer loop
      vertex -9.000000e+00 1.102182e-15 3.500000e+01
      vertex -6.991568e+00 -3.434737e-01 3.500000e+01
      vertex -8.989159e+00 -4.416091e-01 3.500000e+01
    endloop
  endfacet
  facet normal 0.000000e+00 0.000000e+00 1.000000e+00
    outer loop
      vertex -2.400000e+01 2.939152e-15 0.000000e+00
      vertex -2.397109e+01 -1.177624e+00 0.000000e+00
      vertex -1.897711e+01 -9.322858e-01 0.000000e+00
    endloop
  endfacet
  facet normal 0.000000e+00 0.000000e+00 1.000000e+00
    outer loop
      vertex -2.400000e+01 2.939152e-15 0.000000e+00
      vertex -1.897711e+01 -9.322858e-01 0.000000e+00
      vertex -1.900000e+01 2.326829e-15 0.000000e+00
    endloop
  endfacet
  facet normal -9.166974e-01 -6.761966e-02 3.938191e-01
    outer loop
      vertex -8.989159e+00 -4.416091e-01 3.500000e+01
      vertex -2.397109e+01 -1.177624e+00 0.000000e+00
      vertex -2.388443e+01 -2.352411e+00 0.000000e+00
    endloop
  endfacet
  facet normal -9.166974e-01 -6.761966e-02 3.938191e-01
    outer loop
      vertex -8.989159e+00 -4.416091e-01 3.500000e+01
      vertex -2.388443e+01 -2.352411e+00 0.000000e+00
      vertex -8.956663e+00 -8.821543e-01 3.500000e+01
    endloop
  endfacet
  facet normal 9.434127e-01 6.959031e-02 -3.242369e-01
    outer loop
      vertex -6.991568e+00 -3.434737e-01 3.500000e+01
      vertex -6.966293e+00 -6.861200e-01 3.500000e+01
      vertex -1.890851e+01 -1.862326e+00 0.000000e+00
    endloop
  endfacet
  facet normal 9.434127e-01 6.959031e-02 -3.242369e-01
    outer loop
      vertex -6.991568e+00 -3.434737e-01 3.500000e+01
      vertex -1.890851e+01 -1.862326e+00 0.000000e+00
      vertex -1.897711e+01 -9.322858e-01 0.000000e+00
    endloop
  endfacet
  facet normal 0.000000e+00 0.000000e+00 -1.000000e+00
    outer loop
      vertex -8.989159e+00 -4.416091e-01 3.500000e+01
      vertex -6.991568e+00 -3.434737e-01 3.500000e+01
      vertex -6.966293e+00 -6.861200e-01 3.500000e+01
    endloop
  endfacet
  facet normal 0.000000e+00 0.000000e+00 -1.000000e+00
    outer loop
      vertex -8.989159e+00 -4.416091e-01 3.500000e+01
      vertex -6.966293e+00 -6.861200e-01 3.500000e+01
      vertex -8.956663e+00 -8.821543e-01 3.500000e+01
    endloop
  endfacet
  facet normal 0.000000e+00 0.000000e+00 1.000000e+00
    outer loop
      vertex -2.397109e+01 -1.177624e+00 0.000000e+00
      vertex -2.388443e+01 -2.352411e+00 0.000000e+00
      vertex -1.890851e+01 -1.862326e+00 0.000000e+00
    endloop
  endfacet
  facet normal -0.000000e+00 0.000000e+00 1.000000e+00
    outer loop
      vertex -2.397109e+01 -1.177624e+00 0.000000e+00
      vertex -1.890851e+01 -1.862326e+00 0.000000e+00
      vertex -1.897711e+01 -9.322858e-01 0.000000e+00
    endloop
  endfacet
  facet normal -9.122753e-01 -1.125184e-01 3.938191e-01
    outer loop
      vertex -8.956663e+00 -8.821543e-01 3.500000e+01
      vertex -2.388443e+01 -2.352411e+00 0.000000e+00
      vertex -2.374024e+01 -3.521531e+00 0.000000e+00
    endloop
  endfacet
  facet normal -9.122753e-01 -1.125184e-01 3.938191e-01
    outer loop
      vertex -8.956663e+00 -8.821543e-01 3.500000e+01
      vertex -2.374024e+01 -3.521531e+00 0.000000e+00
      vertex -8.902589e+00 -1.320574e+00 3.500000e+01
    endloop
  endfacet
  facet normal 9.388617e-01 1.157975e-01 -3.242369e-01
    outer loop
      vertex -6.966293e+00 -6.861200e-01 3.500000e+01
      vertex -6.924236e+00 -1.027113e+00 3.500000e+01
      vertex -1.879435e+01 -2.787879e+00 0.000000e+00
    endloop
  endfacet
  facet normal 9.388617e-01 1.157975e-01 -3.242369e-01
    outer loop
      vertex -6.966293e+00 -6.861200e-01 3.500000e+01
      vertex -1.879435e+01 -2.787879e+00 0.000000e+00
      vertex -1.890851e+01 -1.862326e+00 0.000000e+00
    endloop
  endfacet
  facet normal 0.000000e+00 0.000000e+00 -1.000000e+00
    outer loop
      vertex -8.956663e+00 -8.821543e-01 3.500000e+01
      vertex -6.966293e+00 -6.861200e-01 3.500000e+01
      vertex -6.924236e+00 -1.027113e+00 3.500000e+01
    endloop
  endfacet
  facet normal 0.000000e+00 0.000000e+00 -1.000000e+00
    outer loop
      vertex -8.956663e+00 -8.821543e-01 3.500000e+01
      vertex -6.924236e+00 -1.027113e+00 3.500000e+01
      vertex -8.902589e+00 -1.320574e+00 3.500000e+01
    endloop
  endfacet
  facet normal 0.000000e+00 0.000000e+00 1.000000e+00
    outer loop
      vertex -2.388443e+01 -2.352411e+00 0.000000e+00
      vertex -2.374024e+01 -3.521531e+00 0.000000e+00
      vertex -1.879435e+01 -2.787879e+00 0.000000e+00
    endloop
  endfacet
  facet normal -0.000000e+00 0.000000e+00 1.000000e+00
    outer loop
      vertex -2.388443e+01 -2.352411e+00 0.000000e+00
      vertex -1.879435e+01 -2.787879e+00 0.000000e+00
      vertex -1.890851e+01 -1.862326e+00 0.000000e+00
    endloop
  endfacet
  facet normal -9.056554e-01 -1.571461e-01 3.938191e-01
    outer loop
      vertex -8.902589e+00 -1.320574e+00 3.500000e+01
      vertex -2.374024e+01 -3.521531e+00 0.000000e+00
      vertex -2.353885e+01 -4.682168e+00 0.000000e+00
    endloop
  endfacet
  facet normal -9.056554e-01 -1.571461e-01 3.938191e-01
    outer loop
      vertex -8.902589e+00 -1.320574e+00 3.500000e+01
      vertex -2.353885e+01 -4.682168e+00 0.000000e+00
      vertex -8.827068e+00 -1.755813e+00 3.500000e+01
    endloop
  endfacet
  facet normal 9.320489e-01 1.617258e-01 -3.242369e-01
    outer loop
      vertex -6.924236e+00 -1.027113e+00 3.500000e+01
      vertex -6.865497e+00 -1.365632e+00 3.500000e+01
      vertex -1.863492e+01 -3.706716e+00 0.000000e+00
    endloop
  endfacet
  facet normal 9.320489e-01 1.617258e-01 -3.242369e-01
    outer loop
      vertex -6.924236e+00 -1.027113e+00 3.500000e+01
      vertex -1.863492e+01 -3.706716e+00 0.000000e+00
      vertex -1.879435e+01 -2.787879e+00 0.000000e+00
    endloop
  endfacet
  facet normal 0.000000e+00 0.000000e+00 -1.000000e+00
    outer loop
      vertex -8.902589e+00 -1.320574e+00 3.500000e+01
      vertex -6.924236e+00 -1.027113e+00 3.500000e+01
      vertex -6.865497e+00 -1.365632e+00 3.500000e+01
    endloop
  endfacet
  facet normal 0.000000e+00 0.000000e+00 -1.000000e+00
    outer loop
      vertex -8.902589e+00 -1.320574e+00 3.500000e+01
      vertex -6.865497e+00 -1.365632e+00 3.500000e+01
      vertex -8.827068e+00 -1.755813e+00 3.500000e+01
    endloop
  endfacet
  facet normal 0.000000e+00 0.000000e+00 1.000000e+00
    outer loop
      vertex -2.374024e+01 -3.521531e+00 0.000000e+00
      vertex -2.353885e+01 -4.682168e+00 0.000000e+00
      vertex -1.863492e+01 -3.706716e+00 0.000000e+00
    endloop
  endfacet
  facet normal -0.000000e+00 0.000000e+00 1.000000e+00
    outer loop
      vertex -2.374024e+01 -3.521531e+00 0.000000e+00
      vertex -1.863492e+01 -3.706716e+00 0.000000e+00
      vertex -1.879435e+01 -2.787879e+00 0.000000e+00
    endloop
  endfacet
  facet normal -8.968537e-01 -2.013952e-01 3.938191e-01
    outer loop
      vertex -8.827068e+00 -1.755813e+00 3.500000e+01
      vertex -2.353885e+01 -4.682168e+00 0.000000e+00
      vertex -2.328075e+01 -5.831524e+00 0.000000e+00
    endloop
  endfacet
  facet normal -8.968537e-01 -2.013952e-01 3.938191e-01
    outer loop
      vertex -8.827068e+00 -1.755813e+00 3.500000e+01
      vertex -2.328075e+01 -5.831524e+00 0.000000e+00
      vertex -8.730281e+00 -2.186822e+00 3.500000e+01
    endloop
  endfacet
  facet normal 9.229907e-01 2.072645e-01 -3.242369e-01
    outer loop
      vertex -6.865497e+00 -1.365632e+00 3.500000e+01
      vertex -6.790219e+00 -1.700861e+00 3.500000e+01
      vertex -1.843059e+01 -4.616623e+00 0.000000e+00
    endloop
  endfacet
  facet normal 9.229907e-01 2.072645e-01 -3.242369e-01
    outer loop
      vertex -6.865497e+00 -1.365632e+00 3.500000e+01
      vertex -1.843059e+01 -4.616623e+00 0.000000e+00
      vertex -1.863492e+01 -3.706716e+00 0.000000e+00
    endloop
  endfacet
  facet normal 0.000000e+00 0.000000e+00 -1.000000e+00
    outer loop
      vertex -8.827068e+00 -1.755813e+00 3.500000e+01
      vertex -6.865497e+00 -1.365632e+00 3.500000e+01
      vertex -6.790219e+00 -1.700861e+00 3.500000e+01
    endloop
  endfacet
  facet normal 0.000000e+00 0.000000e+00 -1.000000e+00
    outer loop
      vertex -8.827068e+00 -1.755813e+00 3.500000e+01
      vertex -6.790219e+00 -1.700861e+00 3.500000e+01
      vertex -8.730281e+00 -2.186822e+00 3.500000e+01
    endloop
  endfacet
  facet normal -0.000000e+00 0.000000e+00 1.000000e+00
    outer loop
      vertex -2.353885e+01 -4.682168e+00 0.000000e+00
      vertex -2.328075e+01 -5.831524e+00 0.000000e+00
      vertex -1.843059e+01 -4.616623e+00 0.000000e+00
    endloop
  endfacet
  facet normal 0.000000e+00 0.000000e+00 1.000000e+00
    outer loop
      vertex -2.353885e+01 -4.682168e+00 0.000000e+00
      vertex -1.843059e+01 -4.616623e+00 0.000000e+00
      vertex -1.863492e+01 -3.706716e+00 0.000000e+00
    endloop
  endfacet
  facet normal -8.858914e-01 -2.451592e-01 3.938191e-01
    outer loop
      vertex -8.730281e+00 -2.186822e+00 3.500000e+01
      vertex -2.328075e+01 -5.831524e+00 0.000000e+00
      vertex -2.296657e+01 -6.966832e+00 0.000000e+00
    endloop
  endfacet
  facet normal -8.858914e-01 -2.451592e-01 3.938191e-01
    outer loop
      vertex -8.730281e+00 -2.186822e+00 3.500000e+01
      vertex -2.296657e+01 -6.966832e+00 0.000000e+00
      vertex -8.612463e+00 -2.612562e+00 3.500000e+01
    endloop
  endfacet
  facet normal 9.117089e-01 2.523038e-01 -3.242369e-01
    outer loop
      vertex -6.790219e+00 -1.700861e+00 3.500000e+01
      vertex -6.698582e+00 -2.031993e+00 3.500000e+01
      vertex -1.818187e+01 -5.515409e+00 0.000000e+00
    endloop
  endfacet
  facet normal 9.117089e-01 2.523038e-01 -3.242369e-01
    outer loop
      vertex -6.790219e+00 -1.700861e+00 3.500000e+01
      vertex -1.818187e+01 -5.515409e+00 0.000000e+00
      vertex -1.843059e+01 -4.616623e+00 0.000000e+00
    endloop
  endfacet
  facet normal 0.000000e+00 0.000000e+00 -1.000000e+00
    outer loop
      vertex -8.730281e+00 -2.186822e+00 3.500000e+01
      vertex -6.790219e+00 -1.700861e+00 3.500000e+01
      vertex -6.698582e+00 -2.031993e+00 3.500000e+01
    endloop
  endfacet
  facet normal 0.000000e+00 0.000000e+00 -1.000000e+00
    outer loop
      vertex -8.730281e+00 -2.186822e+00 3.500000e+01
      vertex -6.698582e+00 -2.031993e+00 3.500000e+01
      vertex -8.612463e+00 -2.612562e+00 3.500000e+01
    endloop
  endfacet
  facet normal -0.000000e+00 0.000000e+00 1.000000e+00
    outer loop
      vertex -2.328075e+01 -5.831524e+00 0.000000e+00
      vertex -2.296657e+01 -6.966832e+00 0.000000e+00
      vertex -1.818187e+01 -5.515409e+00 0.000000e+00
    endloop
  endfacet
  facet normal 0.000000e+00 0.000000e+00 1.000000e+00
    outer loop
      vertex -2.328075e+01 -5.831524e+00 0.000000e+00
      vertex -1.818187e+01 -5.515409e+00 0.000000e+00
      vertex -1.843059e+01 -4.616623e+00 0.000000e+00
    endloop
  endfacet
  facet normal -8.727949e-01 -2.883325e-01 3.938191e-01
    outer loop
      vertex -8.612463e+00 -2.612562e+00 3.500000e+01
      vertex -2.296657e+01 -6.966832e+00 0.000000e+00
      vertex -2.259706e+01 -8.085356e+00 0.000000e+00
    endloop
  endfacet
  facet normal -8.727949e-01 -2.883325e-01 3.938191e-01
    outer loop
      vertex -8.612463e+00 -2.612562e+00 3.500000e+01
      vertex -2.259706e+01 -8.085356e+00 0.000000e+00
      vertex -8.473897e+00 -3.032009e+00 3.500000e+01
    endloop
  endfacet
  facet normal 8.982308e-01 2.967354e-01 -3.242369e-01
    outer loop
      vertex -6.698582e+00 -2.031993e+00 3.500000e+01
      vertex -6.590808e+00 -2.358229e+00 3.500000e+01
      vertex -1.788934e+01 -6.400907e+00 0.000000e+00
    endloop
  endfacet
  facet normal 8.982308e-01 2.967354e-01 -3.242369e-01
    outer loop
      vertex -6.698582e+00 -2.031993e+00 3.500000e+01
      vertex -1.788934e+01 -6.400907e+00 0.000000e+00
      vertex -1.818187e+01 -5.515409e+00 0.000000e+00
    endloop
  endfacet
  facet normal 0.000000e+00 0.000000e+00 -1.000000e+00
    outer loop
      vertex -8.612463e+00 -2.612562e+00 3.500000e+01
      vertex -6.698582e+00 -2.031993e+00 3.500000e+01
      vertex -6.590808e+00 -2.358229e+00 3.500000e+01
    endloop
  endfacet
  facet normal 0.000000e+00 0.000000e+00 -1.000000e+00
    outer loop
      vertex -8.612463e+00 -2.612562e+00 3.500000e+01
      vertex -6.590808e+00 -2.358229e+00 3.500000e+01
      vertex -8.473897e+00 -3.032009e+00 3.500000e+01
    endloop
  endfacet
  facet normal -0.000000e+00 0.000000e+00 1.000000e+00
    outer loop
      vertex -2.296657e+01 -6.966832e+00 0.000000e+00
      vertex -2.259706e+01 -8.085356e+00 0.000000e+00
      vertex -1.788934e+01 -6.400907e+00 0.000000e+00
    endloop
  endfacet
  facet normal 0.000000e+00 0.000000e+00 1.000000e+00
    outer loop
      vertex -2.296657e+01 -6.966832e+00 0.000000e+00
      vertex -1.788934e+01 -6.400907e+00 0.000000e+00
      vertex -1.818187e+01 -5.515409e+00 0.000000e+00
    endloop
  endfacet
  facet normal -8.575958e-01 -3.308112e-01 3.938191e-01
    outer loop
      vertex -8.473897e+00 -3.032009e+00 3.500000e+01
      vertex -2.259706e+01 -8.085356e+00 0.000000e+00
      vertex -2.217311e+01 -9.184402e+00 0.000000e+00
    endloop
  endfacet
  facet normal -8.575958e-01 -3.308112e-01 3.938191e-01
    outer loop
      vertex -8.473897e+00 -3.032009e+00 3.500000e+01
      vertex -2.217311e+01 -9.184402e+00 0.000000e+00
      vertex -8.314916e+00 -3.444151e+00 3.500000e+01
    endloop
  endfacet
  facet normal 8.825887e-01 3.404520e-01 -3.242369e-01
    outer loop
      vertex -6.590808e+00 -2.358229e+00 3.500000e+01
      vertex -6.467157e+00 -2.678784e+00 3.500000e+01
      vertex -1.755371e+01 -7.270985e+00 0.000000e+00
    endloop
  endfacet
  facet normal 8.825887e-01 3.404520e-01 -3.242369e-01
    outer loop
      vertex -6.590808e+00 -2.358229e+00 3.500000e+01
      vertex -1.755371e+01 -7.270985e+00 0.000000e+00
      vertex -1.788934e+01 -6.400907e+00 0.000000e+00
    endloop
  endfacet
  facet normal 0.000000e+00 0.000000e+00 -1.000000e+00
    outer loop
      vertex -8.473897e+00 -3.032009e+00 3.500000e+01
      vertex -6.590808e+00 -2.358229e+00 3.500000e+01
      vertex -6.467157e+00 -2.678784e+00 3.500000e+01
    endloop
  endfacet
  facet normal 0.000000e+00 0.000000e+00 -1.000000e+00
    outer loop
      vertex -8.473897e+00 -3.032009e+00 3.500000e+01
      vertex -6.467157e+00 -2.678784e+00 3.500000e+01
      vertex -8.314916e+00 -3.444151e+00 3.500000e+01
    endloop
  endfacet
  facet normal -0.000000e+00 0.000000e+00 1.000000e+00
    outer loop
      vertex -2.259706e+01 -8.085356e+00 0.000000e+00
      vertex -2.217311e+01 -9.184402e+00 0.000000e+00
      vertex -1.755371e+01 -7.270985e+00 0.000000e+00
    endloop
  endfacet
  facet normal 0.000000e+00 0.000000e+00 1.000000e+00
    outer loop
      vertex -2.259706e+01 -8.085356e+00 0.000000e+00
      vertex -1.755371e+01 -7.270985e+00 0.000000e+00
      vertex -1.788934e+01 -6.400907e+00 0.000000e+00
    endloop
  endfacet
  facet normal -8.403306e-01 -3.724929e-01 3.938191e-01
    outer loop
      vertex -8.314916e+00 -3.444151e+00 3.500000e+01
      vertex -2.217311e+01 -9.184402e+00 0.000000e+00
      vertex -2.169574e+01 -1.026132e+01 0.000000e+00
    endloop
  endfacet
  facet normal -8.403306e-01 -3.724929e-01 3.938191e-01
    outer loop
      vertex -8.314916e+00 -3.444151e+00 3.500000e+01
      vertex -2.169574e+01 -1.026132e+01 0.000000e+00
      vertex -8.135904e+00 -3.847996e+00 3.500000e+01
    endloop
  endfacet
  facet normal 8.648204e-01 3.833485e-01 -3.242369e-01
    outer loop
      vertex -6.467157e+00 -2.678784e+00 3.500000e+01
      vertex -6.327925e+00 -2.992886e+00 3.500000e+01
      vertex -1.717580e+01 -8.123547e+00 0.000000e+00
    endloop
  endfacet
  facet normal 8.648204e-01 3.833485e-01 -3.242369e-01
    outer loop
      vertex -6.467157e+00 -2.678784e+00 3.500000e+01
      vertex -1.717580e+01 -8.123547e+00 0.000000e+00
      vertex -1.755371e+01 -7.270985e+00 0.000000e+00
    endloop
  endfacet
  facet normal 0.000000e+00 0.000000e+00 -1.000000e+00
    outer loop
      vertex -8.314916e+00 -3.444151e+00 3.500000e+01
      vertex -6.467157e+00 -2.678784e+00 3.500000e+01
      vertex -6.327925e+00 -2.992886e+00 3.500000e+01
    endloop
  endfacet
  facet normal 0.000000e+00 0.000000e+00 -1.000000e+00
    outer loop
      vertex -8.314916e+00 -3.444151e+00 3.500000e+01
      vertex -6.327925e+00 -2.992886e+00 3.500000e+01
      vertex -8.135904e+00 -3.847996e+00 3.500000e+01
    endloop
  endfacet
  facet normal -0.000000e+00 0.000000e+00 1.000000e+00
    outer loop
      vertex -2.217311e+01 -9.184402e+00 0.000000e+00
      vertex -2.169574e+01 -1.026132e+01 0.000000e+00
      vertex -1.717580e+01 -8.123547e+00 0.000000e+00
    endloop
  endfacet
  facet normal 0.000000e+00 0.000000e+00 1.000000e+00
    outer loop
      vertex -2.217311e+01 -9.184402e+00 0.000000e+00
      vertex -1.717580e+01 -8.123547e+00 0.000000e+00
      vertex -1.755371e+01 -7.270985e+00 0.000000e+00
    endloop
  endfacet
  facet normal -8.210410e-01 -4.132773e-01 3.938191e-01
    outer loop
      vertex -8.135904e+00 -3.847996e+00 3.500000e+01
      vertex -2.169574e+01 -1.026132e+01 0.000000e+00
      vertex -2.116611e+01 -1.131352e+01 0.000000e+00
    endloop
  endfacet
  facet normal -8.210410e-01 -4.132773e-01 3.938191e-01
    outer loop
      vertex -8.135904e+00 -3.847996e+00 3.500000e+01
      vertex -2.116611e+01 -1.131352e+01 0.000000e+00
      vertex -7.937291e+00 -4.242571e+00 3.500000e+01
    endloop
  endfacet
  facet normal 8.449687e-01 4.253215e-01 -3.242369e-01
    outer loop
      vertex -6.327925e+00 -2.992886e+00 3.500000e+01
      vertex -6.173449e+00 -3.299777e+00 3.500000e+01
      vertex -1.675650e+01 -8.956538e+00 0.000000e+00
    endloop
  endfacet
  facet normal 8.449687e-01 4.253215e-01 -3.242369e-01
    outer loop
      vertex -6.327925e+00 -2.992886e+00 3.500000e+01
      vertex -1.675650e+01 -8.956538e+00 0.000000e+00
      vertex -1.717580e+01 -8.123547e+00 0.000000e+00
    endloop
  endfacet
  facet normal 0.000000e+00 0.000000e+00 -1.000000e+00
    outer loop
      vertex -8.135904e+00 -3.847996e+00 3.500000e+01
      vertex -6.327925e+00 -2.992886e+00 3.500000e+01
      vertex -6.173449e+00 -3.299777e+00 3.500000e+01
    endloop
  endfacet
  facet normal 0.000000e+00 0.000000e+00 -1.000000e+00
    outer loop
      vertex -8.135904e+00 -3.847996e+00 3.500000e+01
      vertex -6.173449e+00 -3.299777e+00 3.500000e+01
      vertex -7.937291e+00 -4.242571e+00 3.500000e+01
    endloop
  endfacet
  facet normal -0.000000e+00 0.000000e+00 1.000000e+00
    outer loop
      vertex -2.169574e+01 -1.026132e+01 0.000000e+00
      vertex -2.116611e+01 -1.131352e+01 0.000000e+00
      vertex -1.675650e+01 -8.956538e+00 0.000000e+00
    endloop
  endfacet
  facet normal 0.000000e+00 0.000000e+00 1.000000e+00
    outer loop
      vertex -2.169574e+01 -1.026132e+01 0.000000e+00
      vertex -1.675650e+01 -8.956538e+00 0.000000e+00
      vertex -1.717580e+01 -8.123547e+00 0.000000e+00
    endloop
  endfacet
  facet normal -7.997735e-01 -4.530661e-01 3.938191e-01
    outer loop
      vertex -7.937291e+00 -4.242571e+00 3.500000e+01
      vertex -2.116611e+01 -1.131352e+01 0.000000e+00
      vertex -2.058549e+01 -1.233847e+01 0.000000e+00
    endloop
  endfacet
  facet normal -7.997735e-01 -4.530661e-01 3.938191e-01
    outer loop
      vertex -7.937291e+00 -4.242571e+00 3.500000e+01
      vertex -2.058549e+01 -1.233847e+01 0.000000e+00
      vertex -7.719557e+00 -4.626925e+00 3.500000e+01
    endloop
  endfacet
  facet normal 8.230813e-01 4.662698e-01 -3.242369e-01
    outer loop
      vertex -6.173449e+00 -3.299777e+00 3.500000e+01
      vertex -6.004100e+00 -3.598719e+00 3.500000e+01
      vertex -1.629684e+01 -9.767952e+00 0.000000e+00
    endloop
  endfacet
  facet normal 8.230813e-01 4.662698e-01 -3.242369e-01
    outer loop
      vertex -6.173449e+00 -3.299777e+00 3.500000e+01
      vertex -1.629684e+01 -9.767952e+00 0.000000e+00
      vertex -1.675650e+01 -8.956538e+00 0.000000e+00
    endloop
  endfacet
  facet normal 0.000000e+00 0.000000e+00 -1.000000e+00
    outer loop
      vertex -7.937291e+00 -4.242571e+00 3.500000e+01
      vertex -6.173449e+00 -3.299777e+00 3.500000e+01
      vertex -6.004100e+00 -3.598719e+00 3.500000e+01
    endloop
  endfacet
  facet normal 0.000000e+00 0.000000e+00 -1.000000e+00
    outer loop
      vertex -7.937291e+00 -4.242571e+00 3.500000e+01
      vertex -6.004100e+00 -3.598719e+00 3.500000e+01
      vertex -7.719557e+00 -4.626925e+00 3.500000e+01
    endloop
  endfacet
  facet normal -0.000000e+00 0.000000e+00 1.000000e+00
    outer loop
      vertex -2.116611e+01 -1.131352e+01 0.000000e+00
      vertex -2.058549e+01 -1.233847e+01 0.000000e+00
      vertex -1.629684e+01 -9.767952e+00 0.000000e+00
    endloop
  endfacet
  facet normal 0.000000e+00 0.000000e+00 1.000000e+00
    outer loop
      vertex -2.116611e+01 -1.131352e+01 0.000000e+00
      vertex -1.629684e+01 -9.767952e+00 0.000000e+00
      vertex -1.675650e+01 -8.956538e+00 0.000000e+00
    endloop
  endfacet
  facet normal -7.765792e-01 -4.917634e-01 3.938191e-01
    outer loop
      vertex -7.719557e+00 -4.626925e+00 3.500000e+01
      vertex -2.058549e+01 -1.233847e+01 0.000000e+00
      vertex -1.995527e+01 -1.333369e+01 0.000000e+00
    endloop
  endfacet
  facet normal -7.765792e-01 -4.917634e-01 3.938191e-01
    outer loop
      vertex -7.719557e+00 -4.626925e+00 3.500000e+01
      vertex -1.995527e+01 -1.333369e+01 0.000000e+00
      vertex -7.483227e+00 -5.000132e+00 3.500000e+01
    endloop
  endfacet
  facet normal 7.992111e-01 5.060949e-01 -3.242369e-01
    outer loop
      vertex -6.004100e+00 -3.598719e+00 3.500000e+01
      vertex -5.820287e+00 -3.888992e+00 3.500000e+01
      vertex -1.579792e+01 -1.055583e+01 0.000000e+00
    endloop
  endfacet
  facet normal 7.992111e-01 5.060949e-01 -3.242369e-01
    outer loop
      vertex -6.004100e+00 -3.598719e+00 3.500000e+01
      vertex -1.579792e+01 -1.055583e+01 0.000000e+00
      vertex -1.629684e+01 -9.767952e+00 0.000000e+00
    endloop
  endfacet
  facet normal 0.000000e+00 0.000000e+00 -1.000000e+00
    outer loop
      vertex -7.719557e+00 -4.626925e+00 3.500000e+01
      vertex -6.004100e+00 -3.598719e+00 3.500000e+01
      vertex -5.820287e+00 -3.888992e+00 3.500000e+01
    endloop
  endfacet
  facet normal 0.000000e+00 0.000000e+00 -1.000000e+00
    outer loop
      vertex -7.719557e+00 -4.626925e+00 3.500000e+01
      vertex -5.820287e+00 -3.888992e+00 3.500000e+01
      vertex -7.483227e+00 -5.000132e+00 3.500000e+01
    endloop
  endfacet
  facet normal -0.000000e+00 0.000000e+00 1.000000e+00
    outer loop
      vertex -2.058549e+01 -1.233847e+01 0.000000e+00
      vertex -1.995527e+01 -1.333369e+01 0.000000e+00
      vertex -1.579792e+01 -1.055583e+01 0.000000e+00
    endloop
  endfacet
  facet normal 0.000000e+00 0.000000e+00 1.000000e+00
    outer loop
      vertex -2.058549e+01 -1.233847e+01 0.000000e+00
      vertex -1.579792e+01 -1.055583e+01 0.000000e+00
      vertex -1.629684e+01 -9.767952e+00 0.000000e+00
    endloop
  endfacet
  facet normal -7.515141e-01 -5.292760e-01 3.938191e-01
    outer loop
      vertex -7.483227e+00 -5.000132e+00 3.500000e+01
      vertex -1.995527e+01 -1.333369e+01 0.000000e+00
      vertex -1.927698e+01 -1.429678e+01 0.000000e+00
    endloop
  endfacet
  facet normal -7.515141e-01 -5.292760e-01 3.938191e-01
    outer loop
      vertex -7.483227e+00 -5.000132e+00 3.500000e+01
      vertex -1.927698e+01 -1.429678e+01 0.000000e+00
      vertex -7.228868e+00 -5.361294e+00 3.500000e+01
    endloop
  endfacet
  facet normal 7.734155e-01 5.447007e-01 -3.242369e-01
    outer loop
      vertex -5.820287e+00 -3.888992e+00 3.500000e+01
      vertex -5.622453e+00 -4.169895e+00 3.500000e+01
      vertex -1.526094e+01 -1.131829e+01 0.000000e+00
    endloop
  endfacet
  facet normal 7.734155e-01 5.447007e-01 -3.242369e-01
    outer loop
      vertex -5.820287e+00 -3.888992e+00 3.500000e+01
      vertex -1.526094e+01 -1.131829e+01 0.000000e+00
      vertex -1.579792e+01 -1.055583e+01 0.000000e+00
    endloop
  endfacet
  facet normal 0.000000e+00 0.000000e+00 -1.000000e+00
    outer loop
      vertex -7.483227e+00 -5.000132e+00 3.500000e+01
      vertex -5.820287e+00 -3.888992e+00 3.500000e+01
      vertex -5.622453e+00 -4.169895e+00 3.500000e+01
    endloop
  endfacet
  facet normal 0.000000e+00 0.000000e+00 -1.000000e+00
    outer loop
      vertex -7.483227e+00 -5.000132e+00 3.500000e+01
      vertex -5.622453e+00 -4.169895e+00 3.500000e+01
      vertex -7.228868e+00 -5.361294e+00 3.500000e+01
    endloop
  endfacet
  facet normal -0.000000e+00 0.000000e+00 1.000000e+00
    outer loop
      vertex -1.995527e+01 -1.333369e+01 0.000000e+00
      vertex -1.927698e+01 -1.429678e+01 0.000000e+00
      vertex -1.526094e+01 -1.131829e+01 0.000000e+00
    endloop
  endfacet
  facet normal 0.000000e+00 0.000000e+00 1.000000e+00
    outer loop
      vertex -1.995527e+01 -1.333369e+01 0.000000e+00
      vertex -1.526094e+01 -1.131829e+01 0.000000e+00
      vertex -1.579792e+01 -1.055583e+01 0.000000e+00
    endloop
  endfacet
  facet normal -7.246386e-01 -5.655135e-01 3.938191e-01
    outer loop
      vertex -7.228868e+00 -5.361294e+00 3.500000e+01
      vertex -1.927698e+01 -1.429678e+01 0.000000e+00
      vertex -1.855225e+01 -1.522544e+01 0.000000e+00
    endloop
  endfacet
  facet normal -7.246386e-01 -5.655135e-01 3.938191e-01
    outer loop
      vertex -7.228868e+00 -5.361294e+00 3.500000e+01
      vertex -1.855225e+01 -1.522544e+01 0.000000e+00
      vertex -6.957094e+00 -5.709540e+00 3.500000e+01
    endloop
  endfacet
  facet normal 7.457567e-01 5.819943e-01 -3.242369e-01
    outer loop
      vertex -5.622453e+00 -4.169895e+00 3.500000e+01
      vertex -5.411073e+00 -4.440753e+00 3.500000e+01
      vertex -1.468720e+01 -1.205347e+01 0.000000e+00
    endloop
  endfacet
  facet normal 7.457567e-01 5.819943e-01 -3.242369e-01
    outer loop
      vertex -5.622453e+00 -4.169895e+00 3.500000e+01
      vertex -1.468720e+01 -1.205347e+01 0.000000e+00
      vertex -1.526094e+01 -1.131829e+01 0.000000e+00
    endloop
  endfacet
  facet normal 0.000000e+00 0.000000e+00 -1.000000e+00
    outer loop
      vertex -7.228868e+00 -5.361294e+00 3.500000e+01
      vertex -5.622453e+00 -4.169895e+00 3.500000e+01
      vertex -5.411073e+00 -4.440753e+00 3.500000e+01
    endloop
  endfacet
  facet normal 0.000000e+00 0.000000e+00 -1.000000e+00
    outer loop
      vertex -7.228868e+00 -5.361294e+00 3.500000e+01
      vertex -5.411073e+00 -4.440753e+00 3.500000e+01
      vertex -6.957094e+00 -5.709540e+00 3.500000e+01
    endloop
  endfacet
  facet normal -0.000000e+00 0.000000e+00 1.000000e+00
    outer loop
      vertex -1.927698e+01 -1.429678e+01 0.000000e+00
      vertex -1.855225e+01 -1.522544e+01 0.000000e+00
      vertex -1.468720e+01 -1.205347e+01 0.000000e+00
    endloop
  endfacet
  facet normal 0.000000e+00 0.000000e+00 1.000000e+00
    outer loop
      vertex -1.927698e+01 -1.429678e+01 0.000000e+00
      vertex -1.468720e+01 -1.205347e+01 0.000000e+00
      vertex -1.526094e+01 -1.131829e+01 0.000000e+00
    endloop
  endfacet
  facet normal -6.960173e-01 -6.003886e-01 3.938191e-01
    outer loop
      vertex -6.957094e+00 -5.709540e+00 3.500000e+01
      vertex -1.855225e+01 -1.522544e+01 0.000000e+00
      vertex -1.778283e+01 -1.611741e+01 0.000000e+00
    endloop
  endfacet
  facet normal -6.960173e-01 -6.003886e-01 3.938191e-01
    outer loop
      vertex -6.957094e+00 -5.709540e+00 3.500000e+01
      vertex -1.778283e+01 -1.611741e+01 0.000000e+00
      vertex -6.668560e+00 -6.044031e+00 3.500000e+01
    endloop
  endfacet
  facet normal 7.163013e-01 6.178858e-01 -3.242369e-01
    outer loop
      vertex -5.411073e+00 -4.440753e+00 3.500000e+01
      vertex -5.186658e+00 -4.700913e+00 3.500000e+01
      vertex -1.407807e+01 -1.275962e+01 0.000000e+00
    endloop
  endfacet
  facet normal 7.163013e-01 6.178858e-01 -3.242369e-01
    outer loop
      vertex -5.411073e+00 -4.440753e+00 3.500000e+01
      vertex -1.407807e+01 -1.275962e+01 0.000000e+00
      vertex -1.468720e+01 -1.205347e+01 0.000000e+00
    endloop
  endfacet
  facet normal 0.000000e+00 0.000000e+00 -1.000000e+00
    outer loop
      vertex -6.957094e+00 -5.709540e+00 3.500000e+01
      vertex -5.411073e+00 -4.440753e+00 3.500000e+01
      vertex -5.186658e+00 -4.700913e+00 3.500000e+01
    endloop
  endfacet
  facet normal 0.000000e+00 0.000000e+00 -1.000000e+00
    outer loop
      vertex -6.957094e+00 -5.709540e+00 3.500000e+01
      vertex -5.186658e+00 -4.700913e+00 3.500000e+01
      vertex -6.668560e+00 -6.044031e+00 3.500000e+01
    endloop
  endfacet
  facet normal -0.000000e+00 0.000000e+00 1.000000e+00
    outer loop
      vertex -1.855225e+01 -1.522544e+01 0.000000e+00
      vertex -1.778283e+01 -1.611741e+01 0.000000e+00
      vertex -1.407807e+01 -1.275962e+01 0.000000e+00
    endloop
  endfacet
  facet normal 0.000000e+00 0.000000e+00 1.000000e+00
    outer loop
      vertex -1.855225e+01 -1.522544e+01 0.000000e+00
      vertex -1.407807e+01 -1.275962e+01 0.000000e+00
      vertex -1.468720e+01 -1.205347e+01 0.000000e+00
    endloop
  endfacet
  facet normal -6.657192e-01 -6.338174e-01 3.938191e-01
    outer loop
      vertex -6.668560e+00 -6.044031e+00 3.500000e+01
      vertex -1.778283e+01 -1.611741e+01 0.000000e+00
      vertex -1.697056e+01 -1.697056e+01 0.000000e+00
    endloop
  endfacet
  facet normal -6.657192e-01 -6.338174e-01 3.938191e-01
    outer loop
      vertex -6.668560e+00 -6.044031e+00 3.500000e+01
      vertex -1.697056e+01 -1.697056e+01 0.000000e+00
      vertex -6.363961e+00 -6.363961e+00 3.500000e+01
    endloop
  endfacet
  facet normal 6.851203e-01 6.522887e-01 -3.242369e-01
    outer loop
      vertex -5.186658e+00 -4.700913e+00 3.500000e+01
      vertex -4.949747e+00 -4.949747e+00 3.500000e+01
      vertex -1.343503e+01 -1.343503e+01 0.000000e+00
    endloop
  endfacet
  facet normal 6.851203e-01 6.522887e-01 -3.242369e-01
    outer loop
      vertex -5.186658e+00 -4.700913e+00 3.500000e+01
      vertex -1.343503e+01 -1.343503e+01 0.000000e+00
      vertex -1.407807e+01 -1.275962e+01 0.000000e+00
    endloop
  endfacet
  facet normal 0.000000e+00 0.000000e+00 -1.000000e+00
    outer loop
      vertex -6.668560e+00 -6.044031e+00 3.500000e+01
      vertex -5.186658e+00 -4.700913e+00 3.500000e+01
      vertex -4.949747e+00 -4.949747e+00 3.500000e+01
    endloop
  endfacet
  facet normal 0.000000e+00 0.000000e+00 -1.000000e+00
    outer loop
      vertex -6.668560e+00 -6.044031e+00 3.500000e+01
      vertex -4.949747e+00 -4.949747e+00 3.500000e+01
      vertex -6.363961e+00 -6.363961e+00 3.500000e+01
    endloop
  endfacet
  facet normal -0.000000e+00 0.000000e+00 1.000000e+00
    outer loop
      vertex -1.778283e+01 -1.611741e+01 0.000000e+00
      vertex -1.697056e+01 -1.697056e+01 0.000000e+00
      vertex -1.343503e+01 -1.343503e+01 0.000000e+00
    endloop
  endfacet
  facet normal 0.000000e+00 0.000000e+00 1.000000e+00
    outer loop
      vertex -1.778283e+01 -1.611741e+01 0.000000e+00
      vertex -1.343503e+01 -1.343503e+01 0.000000e+00
      vertex -1.407807e+01 -1.275962e+01 0.000000e+00
    endloop
  endfacet
  facet normal -6.338174e-01 -6.657192e-01 3.938191e-01
    outer loop
      vertex -6.363961e+00 -6.363961e+00 3.500000e+01
      vertex -1.697056e+01 -1.697056e+01 0.000000e+00
      vertex -1.611741e+01 -1.778283e+01 0.000000e+00
    endloop
  endfacet
  facet normal -6.338174e-01 -6.657192e-01 3.938191e-01
    outer loop
      vertex -6.363961e+00 -6.363961e+00 3.500000e+01
      vertex -1.611741e+01 -1.778283e+01 0.000000e+00
      vertex -6.044031e+00 -6.668560e+00 3.500000e+01
    endloop
  endfacet
  facet normal 6.522887e-01 6.851203e-01 -3.242369e-01
    outer loop
      vertex -4.949747e+00 -4.949747e+00 3.500000e+01
      vertex -4.700913e+00 -5.186658e+00 3.500000e+01
      vertex -1.275962e+01 -1.407807e+01 0.000000e+00
    endloop
  endfacet
  facet normal 6.522887e-01 6.851203e-01 -3.242369e-01
    outer loop
      vertex -4.949747e+00 -4.949747e+00 3.500000e+01
      vertex -1.275962e+01 -1.407807e+01 0.000000e+00
      vertex -1.343503e+01 -1.343503e+01 0.000000e+00
    endloop
  endfacet
  facet normal 0.000000e+00 0.000000e+00 -1.000000e+00
    outer loop
      vertex -6.363961e+00 -6.363961e+00 3.500000e+01
      vertex -4.949747e+00 -4.949747e+00 3.500000e+01
      vertex -4.700913e+00 -5.186658e+00 3.500000e+01
    endloop
  endfacet
  facet normal 0.000000e+00 0.000000e+00 -1.000000e+00
    outer loop
      vertex -6.363961e+00 -6.363961e+00 3.500000e+01
      vertex -4.700913e+00 -5.186658e+00 3.500000e+01
      vertex -6.044031e+00 -6.668560e+00 3.500000e+01
    endloop
  endfacet
  facet normal -0.000000e+00 0.000000e+00 1.000000e+00
    outer loop
      vertex -1.697056e+01 -1.697056e+01 0.000000e+00
      vertex -1.611741e+01 -1.778283e+01 0.000000e+00
      vertex -1.275962e+01 -1.407807e+01 0.000000e+00
    endloop
  endfacet
  facet normal 0.000000e+00 0.000000e+00 1.000000e+00
    outer loop
      vertex -1.697056e+01 -1.697056e+01 0.000000e+00
      vertex -1.275962e+01 -1.407807e+01 0.000000e+00
      vertex -1.343503e+01 -1.343503e+01 0.000000e+00
    endloop
  endfacet
  facet normal -6.003886e-01 -6.960173e-01 3.938191e-01
    outer loop
      vertex -6.044031e+00 -6.668560e+00 3.500000e+01
      vertex -1.611741e+01 -1.778283e+01 0.000000e+00
      vertex -1.522544e+01 -1.855225e+01 0.000000e+00
    endloop
  endfacet
  facet normal -6.003886e-01 -6.960173e-01 3.938191e-01
    outer loop
      vertex -6.044031e+00 -6.668560e+00 3.500000e+01
      vertex -1.522544e+01 -1.855225e+01 0.000000e+00
      vertex -5.709540e+00 -6.957094e+00 3.500000e+01
    endloop
  endfacet
  facet normal 6.178858e-01 7.163013e-01 -3.242369e-01
    outer loop
      vertex -4.700913e+00 -5.186658e+00 3.500000e+01
      vertex -4.440753e+00 -5.411073e+00 3.500000e+01
      vertex -1.205347e+01 -1.468720e+01 0.000000e+00
    endloop
  endfacet
  facet normal 6.178858e-01 7.163013e-01 -3.242369e-01
    outer loop
      vertex -4.700913e+00 -5.186658e+00 3.500000e+01
      vertex -1.205347e+01 -1.468720e+01 0.000000e+00
      vertex -1.275962e+01 -1.407807e+01 0.000000e+00
    endloop
  endfacet
  facet normal 0.000000e+00 0.000000e+00 -1.000000e+00
    outer loop
      vertex -6.044031e+00 -6.668560e+00 3.500000e+01
      vertex -4.700913e+00 -5.186658e+00 3.500000e+01
      vertex -4.440753e+00 -5.411073e+00 3.500000e+01
    endloop
  endfacet
  facet normal 0.000000e+00 0.000000e+00 -1.000000e+00
    outer loop
      vertex -6.044031e+00 -6.668560e+00 3.500000e+01
      vertex -4.440753e+00 -5.411073e+00 3.500000e+01
      vertex -5.709540e+00 -6.957094e+00 3.500000e+01
    endloop
  endfacet
  facet normal -0.000000e+00 0.000000e+00 1.000000e+00
    outer loop
      vertex -1.611741e+01 -1.778283e+01 0.000000e+00
      vertex -1.522544e+01 -1.855225e+01 0.000000e+00
      vertex -1.205347e+01 -1.468720e+01 0.000000e+00
    endloop
  endfacet
  facet normal 0.000000e+00 0.000000e+00 1.000000e+00
    outer loop
      vertex -1.611741e+01 -1.778283e+01 0.000000e+00
      vertex -1.205347e+01 -1.468720e+01 0.000000e+00
      vertex -1.275962e+01 -1.407807e+01 0.000000e+00
    endloop
  endfacet
  facet normal -5.655135e-01 -7.246386e-01 3.938191e-01
    outer loop
      vertex -5.709540e+00 -6.957094e+00 3.500000e+01
      vertex -1.522544e+01 -1.855225e+01 0.000000e+00
      vertex -1.429678e+01 -1.927698e+01 0.000000e+00
    endloop
  endfacet
  facet normal -5.655135e-01 -7.246386e-01 3.938191e-01
    outer loop
      vertex -5.709540e+00 -6.957094e+00 3.500000e+01
      vertex -1.429678e+01 -1.927698e+01 0.000000e+00
      vertex -5.361294e+00 -7.228868e+00 3.500000e+01
    endloop
  endfacet
  facet normal 5.819943e-01 7.457567e-01 -3.242369e-01
    outer loop
      vertex -4.440753e+00 -5.411073e+00 3.500000e+01
      vertex -4.169895e+00 -5.622453e+00 3.500000e+01
      vertex -1.131829e+01 -1.526094e+01 0.000000e+00
    endloop
  endfacet
  facet normal 5.819943e-01 7.457567e-01 -3.242369e-01
    outer loop
      vertex -4.440753e+00 -5.411073e+00 3.500000e+01
      vertex -1.131829e+01 -1.526094e+01 0.000000e+00
      vertex -1.205347e+01 -1.468720e+01 0.000000e+00
    endloop
  endfacet
  facet normal 0.000000e+00 0.000000e+00 -1.000000e+00
    outer loop
      vertex -5.709540e+00 -6.957094e+00 3.500000e+01
      vertex -4.440753e+00 -5.411073e+00 3.500000e+01
      vertex -4.169895e+00 -5.622453e+00 3.500000e+01
    endloop
  endfacet
  facet normal 0.000000e+00 0.000000e+00 -1.000000e+00
    outer loop
      vertex -5.709540e+00 -6.957094e+00 3.500000e+01
      vertex -4.169895e+00 -5.622453e+00 3.500000e+01
      vertex -5.361294e+00 -7.228868e+00 3.500000e+01
    endloop
  endfacet
  facet normal -0.000000e+00 0.000000e+00 1.000000e+00
    outer loop
      vertex -1.522544e+01 -1.855225e+01 0.000000e+00
      vertex -1.429678e+01 -1.927698e+01 0.000000e+00
      vertex -1.131829e+01 -1.526094e+01 0.000000e+00
    endloop
  endfacet
  facet normal 0.000000e+00 0.000000e+00 1.000000e+00
    outer loop
      vertex -1.522544e+01 -1.855225e+01 0.000000e+00
      vertex -1.131829e+01 -1.526094e+01 0.000000e+00
      vertex -1.205347e+01 -1.468720e+01 0.000000e+00
    endloop
  endfacet
  facet normal -5.292760e-01 -7.515141e-01 3.938191e-01
    outer loop
      vertex -5.361294e+00 -7.228868e+00 3.500000e+01
      vertex -1.429678e+01 -1.927698e+01 0.000000e+00
      vertex -1.333369e+01 -1.995527e+01 0.000000e+00
    endloop
  endfacet
  facet normal -5.292760e-01 -7.515141e-01 3.938191e-01
    outer loop
      vertex -5.361294e+00 -7.228868e+00 3.500000e+01
      vertex -1.333369e+01 -1.995527e+01 0.000000e+00
      vertex -5.000132e+00 -7.483227e+00 3.500000e+01
    endloop
  endfacet
  facet normal 5.447007e-01 7.734155e-01 -3.242369e-01
    outer loop
      vertex -4.169895e+00 -5.622453e+00 3.500000e+01
      vertex -3.888992e+00 -5.820287e+00 3.500000e+01
      vertex -1.055583e+01 -1.579792e+01 0.000000e+00
    endloop
  endfacet
  facet normal 5.447007e-01 7.734155e-01 -3.242369e-01
    outer loop
      vertex -4.169895e+00 -5.622453e+00 3.500000e+01
      vertex -1.055583e+01 -1.579792e+01 0.000000e+00
      vertex -1.131829e+01 -1.526094e+01 0.000000e+00
    endloop
  endfacet
  facet normal 0.000000e+00 0.000000e+00 -1.000000e+00
    outer loop
      vertex -5.361294e+00 -7.228868e+00 3.500000e+01
      vertex -4.169895e+00 -5.622453e+00 3.500000e+01
      vertex -3.888992e+00 -5.820287e+00 3.500000e+01
    endloop
  endfacet
  facet normal 0.000000e+00 0.000000e+00 -1.000000e+00
    outer loop
      vertex -5.361294e+00 -7.228868e+00 3.500000e+01
      vertex -3.888992e+00 -5.820287e+00 3.500000e+01
      vertex -5.000132e+00 -7.483227e+00 3.500000e+01
    endloop
  endfacet
  facet normal -0.000000e+00 0.000000e+00 1.000000e+00
    outer loop
      vertex -1.429678e+01 -1.927698e+01 0.000000e+00
      vertex -1.333369e+01 -1.995527e+01 0.000000e+00
      vertex -1.055583e+01 -1.579792e+01 0.000000e+00
    endloop
  endfacet
  facet normal 0.000000e+00 0.000000e+00 1.000000e+00
    outer loop
      vertex -1.429678e+01 -1.927698e+01 0.000000e+00
      vertex -1.055583e+01 -1.579792e+01 0.000000e+00
      vertex -1.131829e+01 -1.526094e+01 0.000000e+00
    endloop
  endfacet
  facet normal -4.917634e-01 -7.765792e-01 3.938191e-01
    outer loop
      vertex -5.000132e+00 -7.483227e+00 3.500000e+01
      vertex -1.333369e+01 -1.995527e+01 0.000000e+00
      vertex -1.233847e+01 -2.058549e+01 0.000000e+00
    endloop
  endfacet
  facet normal -4.917634e-01 -7.765792e-01 3.938191e-01
    outer loop
      vertex -5.000132e+00 -7.483227e+00 3.500000e+01
      vertex -1.233847e+01 -2.058549e+01 0.000000e+00
      vertex -4.626925e+00 -7.719557e+00 3.500000e+01
    endloop
  endfacet
  facet normal 5.060949e-01 7.992111e-01 -3.242369e-01
    outer loop
      vertex -3.888992e+00 -5.820287e+00 3.500000e+01
      vertex -3.598719e+00 -6.004100e+00 3.500000e+01
      vertex -9.767952e+00 -1.629684e+01 0.000000e+00
    endloop
  endfacet
  facet normal 5.060949e-01 7.992111e-01 -3.242369e-01
    outer loop
      vertex -3.888992e+00 -5.820287e+00 3.500000e+01
      vertex -9.767952e+00 -1.629684e+01 0.000000e+00
      vertex -1.055583e+01 -1.579792e+01 0.000000e+00
    endloop
  endfacet
  facet normal 0.000000e+00 0.000000e+00 -1.000000e+00
    outer loop
      vertex -5.000132e+00 -7.483227e+00 3.500000e+01
      vertex -3.888992e+00 -5.820287e+00 3.500000e+01
      vertex -3.598719e+00 -6.004100e+00 3.500000e+01
    endloop
  endfacet
  facet normal 0.000000e+00 0.000000e+00 -1.000000e+00
    outer loop
      vertex -5.000132e+00 -7.483227e+00 3.500000e+01
      vertex -3.598719e+00 -6.004100e+00 3.500000e+01
      vertex -4.626925e+00 -7.719557e+00 3.500000e+01
    endloop
  endfacet
  facet normal -0.000000e+00 0.000000e+00 1.000000e+00
    outer loop
      vertex -1.333369e+01 -1.995527e+01 0.000000e+00
      vertex -1.233847e+01 -2.058549e+01 0.000000e+00
      vertex -9.767952e+00 -1.629684e+01 0.000000e+00
    endloop
  endfacet
  facet normal 0.000000e+00 0.000000e+00 1.000000e+00
    outer loop
      vertex -1.333369e+01 -1.995527e+01 0.000000e+00
      vertex -9.767952e+00 -1.629684e+01 0.000000e+00
      vertex -1.055583e+01 -1.579792e+01 0.000000e+00
    endloop
  endfacet
  facet normal -4.530661e-01 -7.997735e-01 3.938191e-01
    outer loop
      vertex -4.626925e+00 -7.719557e+00 3.500000e+01
      vertex -1.233847e+01 -2.058549e+01 0.000000e+00
      vertex -1.131352e+01 -2.116611e+01 0.000000e+00
    endloop
  endfacet
  facet normal -4.530661e-01 -7.997735e-01 3.938191e-01
    outer loop
      vertex -4.626925e+00 -7.719557e+00 3.500000e+01
      vertex -1.131352e+01 -2.116611e+01 0.000000e+00
      vertex -4.242571e+00 -7.937291e+00 3.500000e+01
    endloop
  endfacet
  facet normal 4.662698e-01 8.230813e-01 -3.242369e-01
    outer loop
      vertex -3.598719e+00 -6.004100e+00 3.500000e+01
      vertex -3.299777e+00 -6.173449e+00 3.500000e+01
      vertex -8.956538e+00 -1.675650e+01 0.000000e+00
    endloop
  endfacet
  facet normal 4.662698e-01 8.230813e-01 -3.242369e-01
    outer loop
      vertex -3.598719e+00 -6.004100e+00 3.500000e+01
      vertex -8.956538e+00 -1.675650e+01 0.000000e+00
      vertex -9.767952e+00 -1.629684e+01 0.000000e+00
    endloop
  endfacet
  facet normal 0.000000e+00 0.000000e+00 -1.000000e+00
    outer loop
      vertex -4.626925e+00 -7.719557e+00 3.500000e+01
      vertex -3.598719e+00 -6.004100e+00 3.500000e+01
      vertex -3.299777e+00 -6.173449e+00 3.500000e+01
    endloop
  endfacet
  facet normal 0.000000e+00 0.000000e+00 -1.000000e+00
    outer loop
      vertex -4.626925e+00 -7.719557e+00 3.500000e+01
      vertex -3.299777e+00 -6.173449e+00 3.500000e+01
      vertex -4.242571e+00 -7.937291e+00 3.500000e+01
    endloop
  endfacet
  facet normal -0.000000e+00 0.000000e+00 1.000000e+00
    outer loop
      vertex -1.233847e+01 -2.058549e+01 0.000000e+00
      vertex -1.131352e+01 -2.116611e+01 0.000000e+00
      vertex -8.956538e+00 -1.675650e+01 0.000000e+00
    endloop
  endfacet
  facet normal 0.000000e+00 0.000000e+00 1.000000e+00
    outer loop
      vertex -1.233847e+01 -2.058549e+01 0.000000e+00
      vertex -8.956538e+00 -1.675650e+01 0.000000e+00
      vertex -9.767952e+00 -1.629684e+01 0.000000e+00
    endloop
  endfacet
  facet normal -4.132773e-01 -8.210410e-01 3.938191e-01
    outer loop
      vertex -4.242571e+00 -7.937291e+00 3.500000e+01
      vertex -1.131352e+01 -2.116611e+01 0.000000e+00
      vertex -1.026132e+01 -2.169574e+01 0.000000e+00
    endloop
  endfacet
  facet normal -4.132773e-01 -8.210410e-01 3.938191e-01
    outer loop
      vertex -4.242571e+00 -7.937291e+00 3.500000e+01
      vertex -1.026132e+01 -2.169574e+01 0.000000e+00
      vertex -3.847996e+00 -8.135904e+00 3.500000e+01
    endloop
  endfacet
  facet normal 4.253215e-01 8.449687e-01 -3.242369e-01
    outer loop
      vertex -3.299777e+00 -6.173449e+00 3.500000e+01
      vertex -2.992886e+00 -6.327925e+00 3.500000e+01
      vertex -8.123547e+00 -1.717580e+01 0.000000e+00
    endloop
  endfacet
  facet normal 4.253215e-01 8.449687e-01 -3.242369e-01
    outer loop
      vertex -3.299777e+00 -6.173449e+00 3.500000e+01
      vertex -8.123547e+00 -1.717580e+01 0.000000e+00
      vertex -8.956538e+00 -1.675650e+01 0.000000e+00
    endloop
  endfacet
  facet normal 0.000000e+00 0.000000e+00 -1.000000e+00
    outer loop
      vertex -4.242571e+00 -7.937291e+00 3.500000e+01
      vertex -3.299777e+00 -6.173449e+00 3.500000e+01
      vertex -2.992886e+00 -6.327925e+00 3.500000e+01
    endloop
  endfacet
  facet normal 0.000000e+00 0.000000e+00 -1.000000e+00
    outer loop
      vertex -4.242571e+00 -7.937291e+00 3.500000e+01
      vertex -2.992886e+00 -6.327925e+00 3.500000e+01
      vertex -3.847996e+00 -8.135904e+00 3.500000e+01
    endloop
  endfacet
  facet normal -0.000000e+00 0.000000e+00 1.000000e+00
    outer loop
      vertex -1.131352e+01 -2.116611e+01 0.000000e+00
      vertex -1.026132e+01 -2.169574e+01 0.000000e+00
      vertex -8.123547e+00 -1.717580e+01 0.000000e+00
    endloop
  endfacet
  facet normal 0.000000e+00 0.000000e+00 1.000000e+00
    outer loop
      vertex -1.131352e+01 -2.116611e+01 0.000000e+00
      vertex -8.123547e+00 -1.717580e+01 0.000000e+00
      vertex -8.956538e+00 -1.675650e+01 0.000000e+00
    endloop
  endfacet
  facet normal -3.724929e-01 -8.403306e-01 3.938191e-01
    outer loop
      vertex -3.847996e+00 -8.135904e+00 3.500000e+01
      vertex -1.026132e+01 -2.169574e+01 0.000000e+00
      vertex -9.184402e+00 -2.217311e+01 0.000000e+00
    endloop
  endfacet
  facet normal -3.724929e-01 -8.403306e-01 3.938191e-01
    outer loop
      vertex -3.847996e+00 -8.135904e+00 3.500000e+01
      vertex -9.184402e+00 -2.217311e+01 0.000000e+00
      vertex -3.444151e+00 -8.314916e+00 3.500000e+01
    endloop
  endfacet
  facet normal 3.833485e-01 8.648204e-01 -3.242369e-01
    outer loop
      vertex -2.992886e+00 -6.327925e+00 3.500000e+01
      vertex -2.678784e+00 -6.467157e+00 3.500000e+01
      vertex -7.270985e+00 -1.755371e+01 0.000000e+00
    endloop
  endfacet
  facet normal 3.833485e-01 8.648204e-01 -3.242369e-01
    outer loop
      vertex -2.992886e+00 -6.327925e+00 3.500000e+01
      vertex -7.270985e+00 -1.755371e+01 0.000000e+00
      vertex -8.123547e+00 -1.717580e+01 0.000000e+00
    endloop
  endfacet
  facet normal 0.000000e+00 0.000000e+00 -1.000000e+00
    outer loop
      vertex -3.847996e+00 -8.135904e+00 3.500000e+01
      vertex -2.992886e+00 -6.327925e+00 3.500000e+01
      vertex -2.678784e+00 -6.467157e+00 3.500000e+01
    endloop
  endfacet
  facet normal 0.000000e+00 0.000000e+00 -1.000000e+00
    outer loop
      vertex -3.847996e+00 -8.135904e+00 3.500000e+01
      vertex -2.678784e+00 -6.467157e+00 3.500000e+01
      vertex -3.444151e+00 -8.314916e+00 3.500000e+01
    endloop
  endfacet
  facet normal -0.000000e+00 0.000000e+00 1.000000e+00
    outer loop
      vertex -1.026132e+01 -2.169574e+01 0.000000e+00
      vertex -9.184402e+00 -2.217311e+01 0.000000e+00
      vertex -7.270985e+00 -1.755371e+01 0.000000e+00
    endloop
  endfacet
  facet normal 0.000000e+00 0.000000e+00 1.000000e+00
    outer loop
      vertex -1.026132e+01 -2.169574e+01 0.000000e+00
      vertex -7.270985e+00 -1.755371e+01 0.000000e+00
      vertex -8.123547e+00 -1.717580e+01 0.000000e+00
    endloop
  endfacet
  facet normal -3.308112e-01 -8.575958e-01 3.938191e-01
    outer loop
      vertex -3.444151e+00 -8.314916e+00 3.500000e+01
      vertex -9.184402e+00 -2.217311e+01 0.000000e+00
      vertex -8.085356e+00 -2.259706e+01 0.000000e+00
    endloop
  endfacet
  facet normal -3.308112e-01 -8.575958e-01 3.938191e-01
    outer loop
      vertex -3.444151e+00 -8.314916e+00 3.500000e+01
      vertex -8.085356e+00 -2.259706e+01 0.000000e+00
      vertex -3.032009e+00 -8.473897e+00 3.500000e+01
    endloop
  endfacet
  facet normal 3.404520e-01 8.825887e-01 -3.242369e-01
    outer loop
      vertex -2.678784e+00 -6.467157e+00 3.500000e+01
      vertex -2.358229e+00 -6.590808e+00 3.500000e+01
      vertex -6.400907e+00 -1.788934e+01 0.000000e+00
    endloop
  endfacet
  facet normal 3.404520e-01 8.825887e-01 -3.242369e-01
    outer loop
      vertex -2.678784e+00 -6.467157e+00 3.500000e+01
      vertex -6.400907e+00 -1.788934e+01 0.000000e+00
      vertex -7.270985e+00 -1.755371e+01 0.000000e+00
    endloop
  endfacet
  facet normal 0.000000e+00 0.000000e+00 -1.000000e+00
    outer loop
      vertex -3.444151e+00 -8.314916e+00 3.500000e+01
      vertex -2.678784e+00 -6.467157e+00 3.500000e+01
      vertex -2.358229e+00 -6.590808e+00 3.500000e+01
    endloop
  endfacet
  facet normal 0.000000e+00 0.000000e+00 -1.000000e+00
    outer loop
      vertex -3.444151e+00 -8.314916e+00 3.500000e+01
      vertex -2.358229e+00 -6.590808e+00 3.500000e+01
      vertex -3.032009e+00 -8.473897e+00 3.500000e+01
    endloop
  endfacet
  facet normal -0.000000e+00 0.000000e+00 1.000000e+00
    outer loop
      vertex -9.184402e+00 -2.217311e+01 0.000000e+00
      vertex -8.085356e+00 -2.259706e+01 0.000000e+00
      vertex -6.400907e+00 -1.788934e+01 0.000000e+00
    endloop
  endfacet
  facet normal 0.000000e+00 0.000000e+00 1.000000e+00
    outer loop
      vertex -9.184402e+00 -2.217311e+01 0.000000e+00
      vertex -6.400907e+00 -1.788934e+01 0.000000e+00
      vertex -7.270985e+00 -1.755371e+01 0.000000e+00
    endloop
  endfacet
  facet normal -2.883325e-01 -8.727949e-01 3.938191e-01
    outer loop
      vertex -3.032009e+00 -8.473897e+00 3.500000e+01
      vertex -8.085356e+00 -2.259706e+01 0.000000e+00
      vertex -6.966832e+00 -2.296657e+01 0.000000e+00
    endloop
  endfacet
  facet normal -2.883325e-01 -8.727949e-01 3.938191e-01
    outer loop
      vertex -3.032009e+00 -8.473897e+00 3.500000e+01
      vertex -6.966832e+00 -2.296657e+01 0.000000e+00
      vertex -2.612562e+00 -8.612463e+00 3.500000e+01
    endloop
  endfacet
  facet normal 2.967354e-01 8.982308e-01 -3.242369e-01
    outer loop
      vertex -2.358229e+00 -6.590808e+00 3.500000e+01
      vertex -2.031993e+00 -6.698582e+00 3.500000e+01
      vertex -5.515409e+00 -1.818187e+01 0.000000e+00
    endloop
  endfacet
  facet normal 2.967354e-01 8.982308e-01 -3.242369e-01
    outer loop
      vertex -2.358229e+00 -6.590808e+00 3.500000e+01
      vertex -5.515409e+00 -1.818187e+01 0.000000e+00
      vertex -6.400907e+00 -1.788934e+01 0.000000e+00
    endloop
  endfacet
  facet normal 0.000000e+00 0.000000e+00 -1.000000e+00
    outer loop
      vertex -3.032009e+00 -8.473897e+00 3.500000e+01
      vertex -2.358229e+00 -6.590808e+00 3.500000e+01
      vertex -2.031993e+00 -6.698582e+00 3.500000e+01
    endloop
  endfacet
  facet normal 0.000000e+00 0.000000e+00 -1.000000e+00
    outer loop
      vertex -3.032009e+00 -8.473897e+00 3.500000e+01
      vertex -2.031993e+00 -6.698582e+00 3.500000e+01
      vertex -2.612562e+00 -8.612463e+00 3.500000e+01
    endloop
  endfacet
  facet normal -0.000000e+00 0.000000e+00 1.000000e+00
    outer loop
      vertex -8.085356e+00 -2.259706e+01 0.000000e+00
      vertex -6.966832e+00 -2.296657e+01 0.000000e+00
      vertex -5.515409e+00 -1.818187e+01 0.000000e+00
    endloop
  endfacet
  facet normal 0.000000e+00 0.000000e+00 1.000000e+00
    outer loop
      vertex -8.085356e+00 -2.259706e+01 0.000000e+00
      vertex -5.515409e+00 -1.818187e+01 0.000000e+00
      vertex -6.400907e+00 -1.788934e+01 0.000000e+00
    endloop
  endfacet
  facet normal -2.451592e-01 -8.858914e-01 3.938191e-01
    outer loop
      vertex -2.612562e+00 -8.612463e+00 3.500000e+01
      vertex -6.966832e+00 -2.296657e+01 0.000000e+00
      vertex -5.831524e+00 -2.328075e+01 0.000000e+00
    endloop
  endfacet
  facet normal -2.451592e-01 -8.858914e-01 3.938191e-01
    outer loop
      vertex -2.612562e+00 -8.612463e+00 3.500000e+01
      vertex -5.831524e+00 -2.328075e+01 0.000000e+00
      vertex -2.186822e+00 -8.730281e+00 3.500000e+01
    endloop
  endfacet
  facet normal 2.523038e-01 9.117089e-01 -3.242369e-01
    outer loop
      vertex -2.031993e+00 -6.698582e+00 3.500000e+01
      vertex -1.700861e+00 -6.790219e+00 3.500000e+01
      vertex -4.616623e+00 -1.843059e+01 0.000000e+00
    endloop
  endfacet
  facet normal 2.523038e-01 9.117089e-01 -3.242369e-01
    outer loop
      vertex -2.031993e+00 -6.698582e+00 3.500000e+01
      vertex -4.616623e+00 -1.843059e+01 0.000000e+00
      vertex -5.515409e+00 -1.818187e+01 0.000000e+00
    endloop
  endfacet
  facet normal 0.000000e+00 0.000000e+00 -1.000000e+00
    outer loop
      vertex -2.612562e+00 -8.612463e+00 3.500000e+01
      vertex -2.031993e+00 -6.698582e+00 3.500000e+01
      vertex -1.700861e+00 -6.790219e+00 3.500000e+01
    endloop
  endfacet
  facet normal 0.000000e+00 0.000000e+00 -1.000000e+00
    outer loop
      vertex -2.612562e+00 -8.612463e+00 3.500000e+01
      vertex -1.700861e+00 -6.790219e+00 3.500000e+01
      vertex -2.186822e+00 -8.730281e+00 3.500000e+01
    endloop
  endfacet
  facet normal -0.000000e+00 0.000000e+00 1.000000e+00
    outer loop
      vertex -6.966832e+00 -2.296657e+01 0.000000e+00
      vertex -5.831524e+00 -2.328075e+01 0.000000e+00
      vertex -4.616623e+00 -1.843059e+01 0.000000e+00
    endloop
  endfacet
  facet normal 0.000000e+00 0.000000e+00 1.000000e+00
    outer loop
      vertex -6.966832e+00 -2.296657e+01 0.000000e+00
      vertex -4.616623e+00 -1.843059e+01 0.000000e+00
      vertex -5.515409e+00 -1.818187e+01 0.000000e+00
    endloop
  endfacet
  facet normal -2.013952e-01 -8.968537e-01 3.938191e-01
    outer loop
      vertex -2.186822e+00 -8.730281e+00 3.500000e+01
      vertex -5.831524e+00 -2.328075e+01 0.000000e+00
      vertex -4.682168e+00 -2.353885e+01 0.000000e+00
    endloop
  endfacet
  facet normal -2.013952e-01 -8.968537e-01 3.938191e-01
    outer loop
      vertex -2.186822e+00 -8.730281e+00 3.500000e+01
      vertex -4.682168e+00 -2.353885e+01 0.000000e+00
      vertex -1.755813e+00 -8.827068e+00 3.500000e+01
    endloop
  endfacet
  facet normal 2.072645e-01 9.229907e-01 -3.242369e-01
    outer loop
      vertex -1.700861e+00 -6.790219e+00 3.500000e+01
      vertex -1.365632e+00 -6.865497e+00 3.500000e+01
      vertex -3.706716e+00 -1.863492e+01 0.000000e+00
    endloop
  endfacet
  facet normal 2.072645e-01 9.229907e-01 -3.242369e-01
    outer loop
      vertex -1.700861e+00 -6.790219e+00 3.500000e+01
      vertex -3.706716e+00 -1.863492e+01 0.000000e+00
      vertex -4.616623e+00 -1.843059e+01 0.000000e+00
    endloop
  endfacet
  facet normal 0.000000e+00 0.000000e+00 -1.000000e+00
    outer loop
      vertex -2.186822e+00 -8.730281e+00 3.500000e+01
      vertex -1.700861e+00 -6.790219e+00 3.500000e+01
      vertex -1.365632e+00 -6.865497e+00 3.500000e+01
    endloop
  endfacet
  facet normal 0.000000e+00 0.000000e+00 -1.000000e+00
    outer loop
      vertex -2.186822e+00 -8.730281e+00 3.500000e+01
      vertex -1.365632e+00 -6.865497e+00 3.500000e+01
      vertex -1.755813e+00 -8.827068e+00 3.500000e+01
    endloop
  endfacet
  facet normal -0.000000e+00 0.000000e+00 1.000000e+00
    outer loop
      vertex -5.831524e+00 -2.328075e+01 0.000000e+00
      vertex -4.682168e+00 -2.353885e+01 0.000000e+00
      vertex -3.706716e+00 -1.863492e+01 0.000000e+00
    endloop
  endfacet
  facet normal 0.000000e+00 0.000000e+00 1.000000e+00
    outer loop
      vertex -5.831524e+00 -2.328075e+01 0.000000e+00
      vertex -3.706716e+00 -1.863492e+01 0.000000e+00
      vertex -4.616623e+00 -1.843059e+01 0.000000e+00
    endloop
  endfacet
  facet normal -1.571461e-01 -9.056554e-01 3.938191e-01
    outer loop
      vertex -1.755813e+00 -8.827068e+00 3.500000e+01
      vertex -4.682168e+00 -2.353885e+01 0.000000e+00
      vertex -3.521531e+00 -2.374024e+01 0.000000e+00
    endloop
  endfacet
  facet normal -1.571461e-01 -9.056554e-01 3.938191e-01
    outer loop
      vertex -1.755813e+00 -8.827068e+00 3.500000e+01
      vertex -3.521531e+00 -2.374024e+01 0.000000e+00
      vertex -1.320574e+00 -8.902589e+00 3.500000e+01
    endloop
  endfacet
  facet normal 1.617258e-01 9.320489e-01 -3.242369e-01
    outer loop
      vertex -1.365632e+00 -6.865497e+00 3.500000e+01
      vertex -1.027113e+00 -6.924236e+00 3.500000e+01
      vertex -2.787879e+00 -1.879435e+01 0.000000e+00
    endloop
  endfacet
  facet normal 1.617258e-01 9.320489e-01 -3.242369e-01
    outer loop
      vertex -1.365632e+00 -6.865497e+00 3.500000e+01
      vertex -2.787879e+00 -1.879435e+01 0.000000e+00
      vertex -3.706716e+00 -1.863492e+01 0.000000e+00
    endloop
  endfacet
  facet normal 0.000000e+00 0.000000e+00 -1.000000e+00
    outer loop
      vertex -1.755813e+00 -8.827068e+00 3.500000e+01
      vertex -1.365632e+00 -6.865497e+00 3.500000e+01
      vertex -1.027113e+00 -6.924236e+00 3.500000e+01
    endloop
  endfacet
  facet normal 0.000000e+00 0.000000e+00 -1.000000e+00
    outer loop
      vertex -1.755813e+00 -8.827068e+00 3.500000e+01
      vertex -1.027113e+00 -6.924236e+00 3.500000e+01
      vertex -1.320574e+00 -8.902589e+00 3.500000e+01
    endloop
  endfacet
  facet normal -0.000000e+00 0.000000e+00 1.000000e+00
    outer loop
      vertex -4.682168e+00 -2.353885e+01 0.000000e+00
      vertex -3.521531e+00 -2.374024e+01 0.000000e+00
      vertex -2.787879e+00 -1.879435e+01 0.000000e+00
    endloop
  endfacet
  facet normal 0.000000e+00 0.000000e+00 1.000000e+00
    outer loop
      vertex -4.682168e+00 -2.353885e+01 0.000000e+00
      vertex -2.787879e+00 -1.879435e+01 0.000000e+00
      vertex -3.706716e+00 -1.863492e+01 0.000000e+00
    endloop
  endfacet
  facet normal -1.125184e-01 -9.122753e-01 3.938191e-01
    outer loop
      vertex -1.320574e+00 -8.902589e+00 3.500000e+01
      vertex -3.521531e+00 -2.374024e+01 0.000000e+00
      vertex -2.352411e+00 -2.388443e+01 0.000000e+00
    endloop
  endfacet
  facet normal -1.125184e-01 -9.122753e-01 3.938191e-01
    outer loop
      vertex -1.320574e+00 -8.902589e+00 3.500000e+01
      vertex -2.352411e+00 -2.388443e+01 0.000000e+00
      vertex -8.821543e-01 -8.956663e+00 3.500000e+01
    endloop
  endfacet
  facet normal 1.157975e-01 9.388617e-01 -3.242369e-01
    outer loop
      vertex -1.027113e+00 -6.924236e+00 3.500000e+01
      vertex -6.861200e-01 -6.966293e+00 3.500000e+01
      vertex -1.862326e+00 -1.890851e+01 0.000000e+00
    endloop
  endfacet
  facet normal 1.157975e-01 9.388617e-01 -3.242369e-01
    outer loop
      vertex -1.027113e+00 -6.924236e+00 3.500000e+01
      vertex -1.862326e+00 -1.890851e+01 0.000000e+00
      vertex -2.787879e+00 -1.879435e+01 0.000000e+00
    endloop
  endfacet
  facet normal 0.000000e+00 0.000000e+00 -1.000000e+00
    outer loop
      vertex -1.320574e+00 -8.902589e+00 3.500000e+01
      vertex -1.027113e+00 -6.924236e+00 3.500000e+01
      vertex -6.861200e-01 -6.966293e+00 3.500000e+01
    endloop
  endfacet
  facet normal 0.000000e+00 0.000000e+00 -1.000000e+00
    outer loop
      vertex -1.320574e+00 -8.902589e+00 3.500000e+01
      vertex -6.861200e-01 -6.966293e+00 3.500000e+01
      vertex -8.821543e-01 -8.956663e+00 3.500000e+01
    endloop
  endfacet
  facet normal -0.000000e+00 0.000000e+00 1.000000e+00
    outer loop
      vertex -3.521531e+00 -2.374024e+01 0.000000e+00
      vertex -2.352411e+00 -2.388443e+01 0.000000e+00
      vertex -1.862326e+00 -1.890851e+01 0.000000e+00
    endloop
  endfacet
  facet normal 0.000000e+00 0.000000e+00 1.000000e+00
    outer loop
      vertex -3.521531e+00 -2.374024e+01 0.000000e+00
      vertex -1.862326e+00 -1.890851e+01 0.000000e+00
      vertex -2.787879e+00 -1.879435e+01 0.000000e+00
    endloop
  endfacet
  facet normal -6.761966e-02 -9.166974e-01 3.938191e-01
    outer loop
      vertex -8.821543e-01 -8.956663e+00 3.500000e+01
      vertex -2.352411e+00 -2.388443e+01 0.000000e+00
      vertex -1.177624e+00 -2.397109e+01 0.000000e+00
    endloop
  endfacet
  facet normal -6.761966e-02 -9.166974e-01 3.938191e-01
    outer loop
      vertex -8.821543e-01 -8.956663e+00 3.500000e+01
      vertex -1.177624e+00 -2.397109e+01 0.000000e+00
      vertex -4.416091e-01 -8.989159e+00 3.500000e+01
    endloop
  endfacet
  facet normal 6.959031e-02 9.434127e-01 -3.242369e-01
    outer loop
      vertex -6.861200e-01 -6.966293e+00 3.500000e+01
      vertex -3.434737e-01 -6.991568e+00 3.500000e+01
      vertex -9.322858e-01 -1.897711e+01 0.000000e+00
    endloop
  endfacet
  facet normal 6.959031e-02 9.434127e-01 -3.242369e-01
    outer loop
      vertex -6.861200e-01 -6.966293e+00 3.500000e+01
      vertex -9.322858e-01 -1.897711e+01 0.000000e+00
      vertex -1.862326e+00 -1.890851e+01 0.000000e+00
    endloop
  endfacet
  facet normal 0.000000e+00 0.000000e+00 -1.000000e+00
    outer loop
      vertex -8.821543e-01 -8.956663e+00 3.500000e+01
      vertex -6.861200e-01 -6.966293e+00 3.500000e+01
      vertex -3.434737e-01 -6.991568e+00 3.500000e+01
    endloop
  endfacet
  facet normal 0.000000e+00 0.000000e+00 -1.000000e+00
    outer loop
      vertex -8.821543e-01 -8.956663e+00 3.500000e+01
      vertex -3.434737e-01 -6.991568e+00 3.500000e+01
      vertex -4.416091e-01 -8.989159e+00 3.500000e+01
    endloop
  endfacet
  facet normal -0.000000e+00 0.000000e+00 1.000000e+00
    outer loop
      vertex -2.352411e+00 -2.388443e+01 0.000000e+00
      vertex -1.177624e+00 -2.397109e+01 0.000000e+00
      vertex -9.322858e-01 -1.897711e+01 0.000000e+00
    endloop
  endfacet
  facet normal 0.000000e+00 0.000000e+00 1.000000e+00
    outer loop
      vertex -2.352411e+00 -2.388443e+01 0.000000e+00
      vertex -9.322858e-01 -1.897711e+01 0.000000e+00
      vertex -1.862326e+00 -1.890851e+01 0.000000e+00
    endloop
  endfacet
  facet normal -2.255800e-02 -9.189111e-01 3.938191e-01
    outer loop
      vertex -4.416091e-01 -8.989159e+00 3.500000e+01
      vertex -1.177624e+00 -2.397109e+01 0.000000e+00
      vertex -4.408728e-15 -2.400000e+01 0.000000e+00
    endloop
  endfacet
  facet normal -2.255800e-02 -9.189111e-01 3.938191e-01
    outer loop
      vertex -4.416091e-01 -8.989159e+00 3.500000e+01
      vertex -4.408728e-15 -2.400000e+01 0.000000e+00
      vertex -1.653273e-15 -9.000000e+00 3.500000e+01
    endloop
  endfacet
  facet normal 2.321541e-02 9.456910e-01 -3.242369e-01
    outer loop
      vertex -3.434737e-01 -6.991568e+00 3.500000e+01
      vertex -1.285879e-15 -7.000000e+00 3.500000e+01
      vertex -3.490243e-15 -1.900000e+01 0.000000e+00
    endloop
  endfacet
  facet normal 2.321541e-02 9.456910e-01 -3.242369e-01
    outer loop
      vertex -3.434737e-01 -6.991568e+00 3.500000e+01
      vertex -3.490243e-15 -1.900000e+01 0.000000e+00
      vertex -9.322858e-01 -1.897711e+01 0.000000e+00
    endloop
  endfacet
  facet normal 0.000000e+00 0.000000e+00 -1.000000e+00
    outer loop
      vertex -4.416091e-01 -8.989159e+00 3.500000e+01
      vertex -3.434737e-01 -6.991568e+00 3.500000e+01
      vertex -1.285879e-15 -7.000000e+00 3.500000e+01
    endloop
  endfacet
  facet normal 0.000000e+00 0.000000e+00 -1.000000e+00
    outer loop
      vertex -4.416091e-01 -8.989159e+00 3.500000e+01
      vertex -1.285879e-15 -7.000000e+00 3.500000e+01
      vertex -1.653273e-15 -9.000000e+00 3.500000e+01
    endloop
  endfacet
  facet normal -0.000000e+00 0.000000e+00 1.000000e+00
    outer loop
      vertex -1.177624e+00 -2.397109e+01 0.000000e+00
      vertex -4.408728e-15 -2.400000e+01 0.000000e+00
      vertex -3.490243e-15 -1.900000e+01 0.000000e+00
    endloop
  endfacet
  facet normal 0.000000e+00 0.000000e+00 1.000000e+00
    outer loop
      vertex -1.177624e+00 -2.397109e+01 0.000000e+00
      vertex -3.490243e-15 -1.900000e+01 0.000000e+00
      vertex -9.322858e-01 -1.897711e+01 0.000000e+00
    endloop
  endfacet
  facet normal 2.255800e-02 -9.189111e-01 3.938191e-01
    outer loop
      vertex -1.653273e-15 -9.000000e+00 3.500000e+01
      vertex -4.408728e-15 -2.400000e+01 0.000000e+00
      vertex 1.177624e+00 -2.397109e+01 0.000000e+00
    endloop
  endfacet
  facet normal 2.255800e-02 -9.189111e-01 3.938191e-01
    outer loop
      vertex -1.653273e-15 -9.000000e+00 3.500000e+01
      vertex 1.177624e+00 -2.397109e+01 0.000000e+00
      vertex 4.416091e-01 -8.989159e+00 3.500000e+01
    endloop
  endfacet
  facet normal -2.321541e-02 9.456910e-01 -3.242369e-01
    outer loop
      vertex -1.285879e-15 -7.000000e+00 3.500000e+01
      vertex 3.434737e-01 -6.991568e+00 3.500000e+01
      vertex 9.322858e-01 -1.897711e+01 0.000000e+00
    endloop
  endfacet
  facet normal -2.321541e-02 9.456910e-01 -3.242369e-01
    outer loop
      vertex -1.285879e-15 -7.000000e+00 3.500000e+01
      vertex 9.322858e-01 -1.897711e+01 0.000000e+00
      vertex -3.490243e-15 -1.900000e+01 0.000000e+00
    endloop
  endfacet
  facet normal 0.000000e+00 0.000000e+00 -1.000000e+00
    outer loop
      vertex -1.653273e-15 -9.000000e+00 3.500000e+01
      vertex -1.285879e-15 -7.000000e+00 3.500000e+01
      vertex 3.434737e-01 -6.991568e+00 3.500000e+01
    endloop
  endfacet
  facet normal 0.000000e+00 0.000000e+00 -1.000000e+00
    outer loop
      vertex -1.653273e-15 -9.000000e+00 3.500000e+01
      vertex 3.434737e-01 -6.991568e+00 3.500000e+01
      vertex 4.416091e-01 -8.989159e+00 3.500000e+01
    endloop
  endfacet
  facet normal 0.000000e+00 0.000000e+00 1.000000e+00
    outer loop
      vertex -4.408728e-15 -2.400000e+01 0.000000e+00
      vertex 1.177624e+00 -2.397109e+01 0.000000e+00
      vertex 9.322858e-01 -1.897711e+01 0.000000e+00
    endloop
  endfacet
  facet normal 0.000000e+00 0.000000e+00 1.000000e+00
    outer loop
      vertex -4.408728e-15 -2.400000e+01 0.000000e+00
      vertex 9.322858e-01 -1.897711e+01 0.000000e+00
      vertex -3.490243e-15 -1.900000e+01 0.000000e+00
    endloop
  endfacet
  facet normal 6.761966e-02 -9.166974e-01 3.938191e-01
    outer loop
      vertex 4.416091e-01 -8.989159e+00 3.500000e+01
      vertex 1.177624e+00 -2.397109e+01 0.000000e+00
      vertex 2.352411e+00 -2.388443e+01 0.000000e+00
    endloop
  endfacet
  facet normal 6.761966e-02 -9.166974e-01 3.938191e-01
    outer loop
      vertex 4.416091e-01 -8.989159e+00 3.500000e+01
      vertex 2.352411e+00 -2.388443e+01 0.000000e+00
      vertex 8.821543e-01 -8.956663e+00 3.500000e+01
    endloop
  endfacet
  facet normal -6.959031e-02 9.434127e-01 -3.242369e-01
    outer loop
      vertex 3.434737e-01 -6.991568e+00 3.500000e+01
      vertex 6.861200e-01 -6.966293e+00 3.500000e+01
      vertex 1.862326e+00 -1.890851e+01 0.000000e+00
    endloop
  endfacet
  facet normal -6.959031e-02 9.434127e-01 -3.242369e-01
    outer loop
      vertex 3.434737e-01 -6.991568e+00 3.500000e+01
      vertex 1.862326e+00 -1.890851e+01 0.000000e+00
      vertex 9.322858e-01 -1.897711e+01 0.000000e+00
    endloop
  endfacet
  facet normal 0.000000e+00 0.000000e+00 -1.000000e+00
    outer loop
      vertex 4.416091e-01 -8.989159e+00 3.500000e+01
      vertex 3.434737e-01 -6.991568e+00 3.500000e+01
      vertex 6.861200e-01 -6.966293e+00 3.500000e+01
    endloop
  endfacet
  facet normal 0.000000e+00 0.000000e+00 -1.000000e+00
    outer loop
      vertex 4.416091e-01 -8.989159e+00 3.500000e+01
      vertex 6.861200e-01 -6.966293e+00 3.500000e+01
      vertex 8.821543e-01 -8.956663e+00 3.500000e+01
    endloop
  endfacet
  facet normal 0.000000e+00 0.000000e+00 1.000000e+00
    outer loop
      vertex 1.177624e+00 -2.397109e+01 0.000000e+00
      vertex 2.352411e+00 -2.388443e+01 0.000000e+00
      vertex 1.862326e+00 -1.890851e+01 0.000000e+00
    endloop
  endfacet
  facet normal 0.000000e+00 -0.000000e+00 1.000000e+00
    outer loop
      vertex 1.177624e+00 -2.397109e+01 0.000000e+00
      vertex 1.862326e+00 -1.890851e+01 0.000000e+00
      vertex 9.322858e-01 -1.897711e+01 0.000000e+00
    endloop
  endfacet
  facet normal 1.125184e-01 -9.122753e-01 3.938191e-01
    outer loop
      vertex 8.821543e-01 -8.956663e+00 3.500000e+01
      vertex 2.352411e+00 -2.388443e+01 0.000000e+00
      vertex 3.521531e+00 -2.374024e+01 0.000000e+00
    endloop
  endfacet
  facet normal 1.125184e-01 -9.122753e-01 3.938191e-01
    outer loop
      vertex 8.821543e-01 -8.956663e+00 3.500000e+01
      vertex 3.521531e+00 -2.374024e+01 0.000000e+00
      vertex 1.320574e+00 -8.902589e+00 3.500000e+01
    endloop
  endfacet
  facet normal -1.157975e-01 9.388617e-01 -3.242369e-01
    outer loop
      vertex 6.861200e-01 -6.966293e+00 3.500000e+01
      vertex 1.027113e+00 -6.924236e+00 3.500000e+01
      vertex 2.787879e+00 -1.879435e+01 0.000000e+00
    endloop
  endfacet
  facet normal -1.157975e-01 9.388617e-01 -3.242369e-01
    outer loop
      vertex 6.861200e-01 -6.966293e+00 3.500000e+01
      vertex 2.787879e+00 -1.879435e+01 0.000000e+00
      vertex 1.862326e+00 -1.890851e+01 0.000000e+00
    endloop
  endfacet
  facet normal 0.000000e+00 0.000000e+00 -1.000000e+00
    outer loop
      vertex 8.821543e-01 -8.956663e+00 3.500000e+01
      vertex 6.861200e-01 -6.966293e+00 3.500000e+01
      vertex 1.027113e+00 -6.924236e+00 3.500000e+01
    endloop
  endfacet
  facet normal 0.000000e+00 0.000000e+00 -1.000000e+00
    outer loop
      vertex 8.821543e-01 -8.956663e+00 3.500000e+01
      vertex 1.027113e+00 -6.924236e+00 3.500000e+01
      vertex 1.320574e+00 -8.902589e+00 3.500000e+01
    endloop
  endfacet
  facet normal 0.000000e+00 0.000000e+00 1.000000e+00
    outer loop
      vertex 2.352411e+00 -2.388443e+01 0.000000e+00
      vertex 3.521531e+00 -2.374024e+01 0.000000e+00
      vertex 2.787879e+00 -1.879435e+01 0.000000e+00
    endloop
  endfacet
  facet normal 0.000000e+00 -0.000000e+00 1.000000e+00
    outer loop
      vertex 2.352411e+00 -2.388443e+01 0.000000e+00
      vertex 2.787879e+00 -1.879435e+01 0.000000e+00
      vertex 1.862326e+00 -1.890851e+01 0.000000e+00
    endloop
  endfacet
  facet normal 1.571461e-01 -9.056554e-01 3.938191e-01
    outer loop
      vertex 1.320574e+00 -8.902589e+00 3.500000e+01
      vertex 3.521531e+00 -2.374024e+01 0.000000e+00
      vertex 4.682168e+00 -2.353885e+01 0.000000e+00
    endloop
  endfacet
  facet normal 1.571461e-01 -9.056554e-01 3.938191e-01
    outer loop
      vertex 1.320574e+00 -8.902589e+00 3.500000e+01
      vertex 4.682168e+00 -2.353885e+01 0.000000e+00
      vertex 1.755813e+00 -8.827068e+00 3.500000e+01
    endloop
  endfacet
  facet normal -1.617258e-01 9.320489e-01 -3.242369e-01
    outer loop
      vertex 1.027113e+00 -6.924236e+00 3.500000e+01
      vertex 1.365632e+00 -6.865497e+00 3.500000e+01
      vertex 3.706716e+00 -1.863492e+01 0.000000e+00
    endloop
  endfacet
  facet normal -1.617258e-01 9.320489e-01 -3.242369e-01
    outer loop
      vertex 1.027113e+00 -6.924236e+00 3.500000e+01
      vertex 3.706716e+00 -1.863492e+01 0.000000e+00
      vertex 2.787879e+00 -1.879435e+01 0.000000e+00
    endloop
  endfacet
  facet normal 0.000000e+00 0.000000e+00 -1.000000e+00
    outer loop
      vertex 1.320574e+00 -8.902589e+00 3.500000e+01
      vertex 1.027113e+00 -6.924236e+00 3.500000e+01
      vertex 1.365632e+00 -6.865497e+00 3.500000e+01
    endloop
  endfacet
  facet normal 0.000000e+00 0.000000e+00 -1.000000e+00
    outer loop
      vertex 1.320574e+00 -8.902589e+00 3.500000e+01
      vertex 1.365632e+00 -6.865497e+00 3.500000e+01
      vertex 1.755813e+00 -8.827068e+00 3.500000e+01
    endloop
  endfacet
  facet normal 0.000000e+00 0.000000e+00 1.000000e+00
    outer loop
      vertex 3.521531e+00 -2.374024e+01 0.000000e+00
      vertex 4.682168e+00 -2.353885e+01 0.000000e+00
      vertex 3.706716e+00 -1.863492e+01 0.000000e+00
    endloop
  endfacet
  facet normal 0.000000e+00 -0.000000e+00 1.000000e+00
    outer loop
      vertex 3.521531e+00 -2.374024e+01 0.000000e+00
      vertex 3.706716e+00 -1.863492e+01 0.000000e+00
      vertex 2.787879e+00 -1.879435e+01 0.000000e+00
    endloop
  endfacet
  facet normal 2.013952e-01 -8.968537e-01 3.938191e-01
    outer loop
      vertex 1.755813e+00 -8.827068e+00 3.500000e+01
      vertex 4.682168e+00 -2.353885e+01 0.000000e+00
      vertex 5.831524e+00 -2.328075e+01 0.000000e+00
    endloop
  endfacet
  facet normal 2.013952e-01 -8.968537e-01 3.938191e-01
    outer loop
      vertex 1.755813e+00 -8.827068e+00 3.500000e+01
      vertex 5.831524e+00 -2.328075e+01 0.000000e+00
      vertex 2.186822e+00 -8.730281e+00 3.500000e+01
    endloop
  endfacet
  facet normal -2.072645e-01 9.229907e-01 -3.242369e-01
    outer loop
      vertex 1.365632e+00 -6.865497e+00 3.500000e+01
      vertex 1.700861e+00 -6.790219e+00 3.500000e+01
      vertex 4.616623e+00 -1.843059e+01 0.000000e+00
    endloop
  endfacet
  facet normal -2.072645e-01 9.229907e-01 -3.242369e-01
    outer loop
      vertex 1.365632e+00 -6.865497e+00 3.500000e+01
      vertex 4.616623e+00 -1.843059e+01 0.000000e+00
      vertex 3.706716e+00 -1.863492e+01 0.000000e+00
    endloop
  endfacet
  facet normal 0.000000e+00 0.000000e+00 -1.000000e+00
    outer loop
      vertex 1.755813e+00 -8.827068e+00 3.500000e+01
      vertex 1.365632e+00 -6.865497e+00 3.500000e+01
      vertex 1.700861e+00 -6.790219e+00 3.500000e+01
    endloop
  endfacet
  facet normal 0.000000e+00 0.000000e+00 -1.000000e+00
    outer loop
      vertex 1.755813e+00 -8.827068e+00 3.500000e+01
      vertex 1.700861e+00 -6.790219e+00 3.500000e+01
      vertex 2.186822e+00 -8.730281e+00 3.500000e+01
    endloop
  endfacet
  facet normal 0.000000e+00 -0.000000e+00 1.000000e+00
    outer loop
      vertex 4.682168e+00 -2.353885e+01 0.000000e+00
      vertex 5.831524e+00 -2.328075e+01 0.000000e+00
      vertex 4.616623e+00 -1.843059e+01 0.000000e+00
    endloop
  endfacet
  facet normal 0.000000e+00 0.000000e+00 1.000000e+00
    outer loop
      vertex 4.682168e+00 -2.353885e+01 0.000000e+00
      vertex 4.616623e+00 -1.843059e+01 0.000000e+00
      vertex 3.706716e+00 -1.863492e+01 0.000000e+00
    endloop
  endfacet
  facet normal 2.451592e-01 -8.858914e-01 3.938191e-01
    outer loop
      vertex 2.186822e+00 -8.730281e+00 3.500000e+01
      vertex 5.831524e+00 -2.328075e+01 0.000000e+00
      vertex 6.966832e+00 -2.296657e+01 0.000000e+00
    endloop
  endfacet
  facet normal 2.451592e-01 -8.858914e-01 3.938191e-01
    outer loop
      vertex 2.186822e+00 -8.730281e+00 3.500000e+01
      vertex 6.966832e+00 -2.296657e+01 0.000000e+00
      vertex 2.612562e+00 -8.612463e+00 3.500000e+01
    endloop
  endfacet
  facet normal -2.523038e-01 9.117089e-01 -3.242369e-01
    outer loop
      vertex 1.700861e+00 -6.790219e+00 3.500000e+01
      vertex 2.031993e+00 -6.698582e+00 3.500000e+01
      vertex 5.515409e+00 -1.818187e+01 0.000000e+00
    endloop
  endfacet
  facet normal -2.523038e-01 9.117089e-01 -3.242369e-01
    outer loop
      vertex 1.700861e+00 -6.790219e+00 3.500000e+01
      vertex 5.515409e+00 -1.818187e+01 0.000000e+00
      vertex 4.616623e+00 -1.843059e+01 0.000000e+00
    endloop
  endfacet
  facet normal 0.000000e+00 0.000000e+00 -1.000000e+00
    outer loop
      vertex 2.186822e+00 -8.730281e+00 3.500000e+01
      vertex 1.700861e+00 -6.790219e+00 3.500000e+01
      vertex 2.031993e+00 -6.698582e+00 3.500000e+01
    endloop
  endfacet
  facet normal 0.000000e+00 0.000000e+00 -1.000000e+00
    outer loop
      vertex 2.186822e+00 -8.730281e+00 3.500000e+01
      vertex 2.031993e+00 -6.698582e+00 3.500000e+01
      vertex 2.612562e+00 -8.612463e+00 3.500000e+01
    endloop
  endfacet
  facet normal 0.000000e+00 -0.000000e+00 1.000000e+00
    outer loop
      vertex 5.831524e+00 -2.328075e+01 0.000000e+00
      vertex 6.966832e+00 -2.296657e+01 0.000000e+00
      vertex 5.515409e+00 -1.818187e+01 0.000000e+00
    endloop
  endfacet
  facet normal 0.000000e+00 0.000000e+00 1.000000e+00
    outer loop
      vertex 5.831524e+00 -2.328075e+01 0.000000e+00
      vertex 5.515409e+00 -1.818187e+01 0.000000e+00
      vertex 4.616623e+00 -1.843059e+01 0.000000e+00
    endloop
  endfacet
  facet normal 2.883325e-01 -8.727949e-01 3.938191e-01
    outer loop
      vertex 2.612562e+00 -8.612463e+00 3.500000e+01
      vertex 6.966832e+00 -2.296657e+01 0.000000e+00
      vertex 8.085356e+00 -2.259706e+01 0.000000e+00
    endloop
  endfacet
  facet normal 2.883325e-01 -8.727949e-01 3.938191e-01
    outer loop
      vertex 2.612562e+00 -8.612463e+00 3.500000e+01
      vertex 8.085356e+00 -2.259706e+01 0.000000e+00
      vertex 3.032009e+00 -8.473897e+00 3.500000e+01
    endloop
  endfacet
  facet normal -2.967354e-01 8.982308e-01 -3.242369e-01
    outer loop
      vertex 2.031993e+00 -6.698582e+00 3.500000e+01
      vertex 2.358229e+00 -6.590808e+00 3.500000e+01
      vertex 6.400907e+00 -1.788934e+01 0.000000e+00
    endloop
  endfacet
  facet normal -2.967354e-01 8.982308e-01 -3.242369e-01
    outer loop
      vertex 2.031993e+00 -6.698582e+00 3.500000e+01
      vertex 6.400907e+00 -1.788934e+01 0.000000e+00
      vertex 5.515409e+00 -1.818187e+01 0.000000e+00
    endloop
  endfacet
  facet normal 0.000000e+00 0.000000e+00 -1.000000e+00
    outer loop
      vertex 2.612562e+00 -8.612463e+00 3.500000e+01
      vertex 2.031993e+00 -6.698582e+00 3.500000e+01
      vertex 2.358229e+00 -6.590808e+00 3.500000e+01
    endloop
  endfacet
  facet normal 0.000000e+00 0.000000e+00 -1.000000e+00
    outer loop
      vertex 2.612562e+00 -8.612463e+00 3.500000e+01
      vertex 2.358229e+00 -6.590808e+00 3.500000e+01
      vertex 3.032009e+00 -8.473897e+00 3.500000e+01
    endloop
  endfacet
  facet normal 0.000000e+00 -0.000000e+00 1.000000e+00
    outer loop
      vertex 6.966832e+00 -2.296657e+01 0.000000e+00
      vertex 8.085356e+00 -2.259706e+01 0.000000e+00
      vertex 6.400907e+00 -1.788934e+01 0.000000e+00
    endloop
  endfacet
  facet normal 0.000000e+00 0.000000e+00 1.000000e+00
    outer loop
      vertex 6.966832e+00 -2.296657e+01 0.000000e+00
      vertex 6.400907e+00 -1.788934e+01 0.000000e+00
      vertex 5.515409e+00 -1.818187e+01 0.000000e+00
    endloop
  endfacet
  facet normal 3.308112e-01 -8.575958e-01 3.938191e-01
    outer loop
      vertex 3.032009e+00 -8.473897e+00 3.500000e+01
      vertex 8.085356e+00 -2.259706e+01 0.000000e+00
      vertex 9.184402e+00 -2.217311e+01 0.000000e+00
    endloop
  endfacet
  facet normal 3.308112e-01 -8.575958e-01 3.938191e-01
    outer loop
      vertex 3.032009e+00 -8.473897e+00 3.500000e+01
      vertex 9.184402e+00 -2.217311e+01 0.000000e+00
      vertex 3.444151e+00 -8.314916e+00 3.500000e+01
    endloop
  endfacet
  facet normal -3.404520e-01 8.825887e-01 -3.242369e-01
    outer loop
      vertex 2.358229e+00 -6.590808e+00 3.500000e+01
      vertex 2.678784e+00 -6.467157e+00 3.500000e+01
      vertex 7.270985e+00 -1.755371e+01 0.000000e+00
    endloop
  endfacet
  facet normal -3.404520e-01 8.825887e-01 -3.242369e-01
    outer loop
      vertex 2.358229e+00 -6.590808e+00 3.500000e+01
      vertex 7.270985e+00 -1.755371e+01 0.000000e+00
      vertex 6.400907e+00 -1.788934e+01 0.000000e+00
    endloop
  endfacet
  facet normal 0.000000e+00 0.000000e+00 -1.000000e+00
    outer loop
      vertex 3.032009e+00 -8.473897e+00 3.500000e+01
      vertex 2.358229e+00 -6.590808e+00 3.500000e+01
      vertex 2.678784e+00 -6.467157e+00 3.500000e+01
    endloop
  endfacet
  facet normal 0.000000e+00 0.000000e+00 -1.000000e+00
    outer loop
      vertex 3.032009e+00 -8.473897e+00 3.500000e+01
      vertex 2.678784e+00 -6.467157e+00 3.500000e+01
      vertex 3.444151e+00 -8.314916e+00 3.500000e+01
    endloop
  endfacet
  facet normal 0.000000e+00 -0.000000e+00 1.000000e+00
    outer loop
      vertex 8.085356e+00 -2.259706e+01 0.000000e+00
      vertex 9.184402e+00 -2.217311e+01 0.000000e+00
      vertex 7.270985e+00 -1.755371e+01 0.000000e+00
    endloop
  endfacet
  facet normal 0.000000e+00 0.000000e+00 1.000000e+00
    outer loop
      vertex 8.085356e+00 -2.259706e+01 0.000000e+00
      vertex 7.270985e+00 -1.755371e+01 0.000000e+00
      vertex 6.400907e+00 -1.788934e+01 0.000000e+00
    endloop
  endfacet
  facet normal 3.724929e-01 -8.403306e-01 3.938191e-01
    outer loop
      vertex 3.444151e+00 -8.314916e+00 3.500000e+01
      vertex 9.184402e+00 -2.217311e+01 0.000000e+00
      vertex 1.026132e+01 -2.169574e+01 0.000000e+00
    endloop
  endfacet
  facet normal 3.724929e-01 -8.403306e-01 3.938191e-01
    outer loop
      vertex 3.444151e+00 -8.314916e+00 3.500000e+01
      vertex 1.026132e+01 -2.169574e+01 0.000000e+00
      vertex 3.847996e+00 -8.135904e+00 3.500000e+01
    endloop
  endfacet
  facet normal -3.833485e-01 8.648204e-01 -3.242369e-01
    outer loop
      vertex 2.678784e+00 -6.467157e+00 3.500000e+01
      vertex 2.992886e+00 -6.327925e+00 3.500000e+01
      vertex 8.123547e+00 -1.717580e+01 0.000000e+00
    endloop
  endfacet
  facet normal -3.833485e-01 8.648204e-01 -3.242369e-01
    outer loop
      vertex 2.678784e+00 -6.467157e+00 3.500000e+01
      vertex 8.123547e+00 -1.717580e+01 0.000000e+00
      vertex 7.270985e+00 -1.755371e+01 0.000000e+00
    endloop
  endfacet
  facet normal 0.000000e+00 0.000000e+00 -1.000000e+00
    outer loop
      vertex 3.444151e+00 -8.314916e+00 3.500000e+01
      vertex 2.678784e+00 -6.467157e+00 3.500000e+01
      vertex 2.992886e+00 -6.327925e+00 3.500000e+01
    endloop
  endfacet
  facet normal 0.000000e+00 0.000000e+00 -1.000000e+00
    outer loop
      vertex 3.444151e+00 -8.314916e+00 3.500000e+01
      vertex 2.992886e+00 -6.327925e+00 3.500000e+01
      vertex 3.847996e+00 -8.135904e+00 3.500000e+01
    endloop
  endfacet
  facet normal 0.000000e+00 -0.000000e+00 1.000000e+00
    outer loop
      vertex 9.184402e+00 -2.217311e+01 0.000000e+00
      vertex 1.026132e+01 -2.169574e+01 0.000000e+00
      vertex 8.123547e+00 -1.717580e+01 0.000000e+00
    endloop
  endfacet
  facet normal 0.000000e+00 0.000000e+00 1.000000e+00
    outer loop
      vertex 9.184402e+00 -2.217311e+01 0.000000e+00
      vertex 8.123547e+00 -1.717580e+01 0.000000e+00
      vertex 7.270985e+00 -1.755371e+01 0.000000e+00
    endloop
  endfacet
  facet normal 4.132773e-01 -8.210410e-01 3.938191e-01
    outer loop
      vertex 3.847996e+00 -8.135904e+00 3.500000e+01
      vertex 1.026132e+01 -2.169574e+01 0.000000e+00
      vertex 1.131352e+01 -2.116611e+01 0.000000e+00
    endloop
  endfacet
  facet normal 4.132773e-01 -8.210410e-01 3.938191e-01
    outer loop
      vertex 3.847996e+00 -8.135904e+00 3.500000e+01
      vertex 1.131352e+01 -2.116611e+01 0.000000e+00
      vertex 4.242571e+00 -7.937291e+00 3.500000e+01
    endloop
  endfacet
  facet normal -4.253215e-01 8.449687e-01 -3.242369e-01
    outer loop
      vertex 2.992886e+00 -6.327925e+00 3.500000e+01
      vertex 3.299777e+00 -6.173449e+00 3.500000e+01
      vertex 8.956538e+00 -1.675650e+01 0.000000e+00
    endloop
  endfacet
  facet normal -4.253215e-01 8.449687e-01 -3.242369e-01
    outer loop
      vertex 2.992886e+00 -6.327925e+00 3.500000e+01
      vertex 8.956538e+00 -1.675650e+01 0.000000e+00
      vertex 8.123547e+00 -1.717580e+01 0.000000e+00
    endloop
  endfacet
  facet normal 0.000000e+00 0.000000e+00 -1.000000e+00
    outer loop
      vertex 3.847996e+00 -8.135904e+00 3.500000e+01
      vertex 2.992886e+00 -6.327925e+00 3.500000e+01
      vertex 3.299777e+00 -6.173449e+00 3.500000e+01
    endloop
  endfacet
  facet normal 0.000000e+00 0.000000e+00 -1.000000e+00
    outer loop
      vertex 3.847996e+00 -8.135904e+00 3.500000e+01
      vertex 3.299777e+00 -6.173449e+00 3.500000e+01
      vertex 4.242571e+00 -7.937291e+00 3.500000e+01
    endloop
  endfacet
  facet normal 0.000000e+00 -0.000000e+00 1.000000e+00
    outer loop
      vertex 1.026132e+01 -2.169574e+01 0.000000e+00
      vertex 1.131352e+01 -2.116611e+01 0.000000e+00
      vertex 8.956538e+00 -1.675650e+01 0.000000e+00
    endloop
  endfacet
  facet normal 0.000000e+00 0.000000e+00 1.000000e+00
    outer loop
      vertex 1.026132e+01 -2.169574e+01 0.000000e+00
      vertex 8.956538e+00 -1.675650e+01 0.000000e+00
      vertex 8.123547e+00 -1.717580e+01 0.000000e+00
    endloop
  endfacet
  facet normal 4.530661e-01 -7.997735e-01 3.938191e-01
    outer loop
      vertex 4.242571e+00 -7.937291e+00 3.500000e+01
      vertex 1.131352e+01 -2.116611e+01 0.000000e+00
      vertex 1.233847e+01 -2.058549e+01 0.000000e+00
    endloop
  endfacet
  facet normal 4.530661e-01 -7.997735e-01 3.938191e-01
    outer loop
      vertex 4.242571e+00 -7.937291e+00 3.500000e+01
      vertex 1.233847e+01 -2.058549e+01 0.000000e+00
      vertex 4.626925e+00 -7.719557e+00 3.500000e+01
    endloop
  endfacet
  facet normal -4.662698e-01 8.230813e-01 -3.242369e-01
    outer loop
      vertex 3.299777e+00 -6.173449e+00 3.500000e+01
      vertex 3.598719e+00 -6.004100e+00 3.500000e+01
      vertex 9.767952e+00 -1.629684e+01 0.000000e+00
    endloop
  endfacet
  facet normal -4.662698e-01 8.230813e-01 -3.242369e-01
    outer loop
      vertex 3.299777e+00 -6.173449e+00 3.500000e+01
      vertex 9.767952e+00 -1.629684e+01 0.000000e+00
      vertex 8.956538e+00 -1.675650e+01 0.000000e+00
    endloop
  endfacet
  facet normal 0.000000e+00 0.000000e+00 -1.000000e+00
    outer loop
      vertex 4.242571e+00 -7.937291e+00 3.500000e+01
      vertex 3.299777e+00 -6.173449e+00 3.500000e+01
      vertex 3.598719e+00 -6.004100e+00 3.500000e+01
    endloop
  endfacet
  facet normal 0.000000e+00 0.000000e+00 -1.000000e+00
    outer loop
      vertex 4.242571e+00 -7.937291e+00 3.500000e+01
      vertex 3.598719e+00 -6.004100e+00 3.500000e+01
      vertex 4.626925e+00 -7.719557e+00 3.500000e+01
    endloop
  endfacet
  facet normal 0.000000e+00 -0.000000e+00 1.000000e+00
    outer loop
      vertex 1.131352e+01 -2.116611e+01 0.000000e+00
      vertex 1.233847e+01 -2.058549e+01 0.000000e+00
      vertex 9.767952e+00 -1.629684e+01 0.000000e+00
    endloop
  endfacet
  facet normal 0.000000e+00 0.000000e+00 1.000000e+00
    outer loop
      vertex 1.131352e+01 -2.116611e+01 0.000000e+00
      vertex 9.767952e+00 -1.629684e+01 0.000000e+00
      vertex 8.956538e+00 -1.675650e+01 0.000000e+00
    endloop
  endfacet
  facet normal 4.917634e-01 -7.765792e-01 3.938191e-01
    outer loop
      vertex 4.626925e+00 -7.719557e+00 3.500000e+01
      vertex 1.233847e+01 -2.058549e+01 0.000000e+00
      vertex 1.333369e+01 -1.995527e+01 0.000000e+00
    endloop
  endfacet
  facet normal 4.917634e-01 -7.765792e-01 3.938191e-01
    outer loop
      vertex 4.626925e+00 -7.719557e+00 3.500000e+01
      vertex 1.333369e+01 -1.995527e+01 0.000000e+00
      vertex 5.000132e+00 -7.483227e+00 3.500000e+01
    endloop
  endfacet
  facet normal -5.060949e-01 7.992111e-01 -3.242369e-01
    outer loop
      vertex 3.598719e+00 -6.004100e+00 3.500000e+01
      vertex 3.888992e+00 -5.820287e+00 3.500000e+01
      vertex 1.055583e+01 -1.579792e+01 0.000000e+00
    endloop
  endfacet
  facet normal -5.060949e-01 7.992111e-01 -3.242369e-01
    outer loop
      vertex 3.598719e+00 -6.004100e+00 3.500000e+01
      vertex 1.055583e+01 -1.579792e+01 0.000000e+00
      vertex 9.767952e+00 -1.629684e+01 0.000000e+00
    endloop
  endfacet
  facet normal 0.000000e+00 0.000000e+00 -1.000000e+00
    outer loop
      vertex 4.626925e+00 -7.719557e+00 3.500000e+01
      vertex 3.598719e+00 -6.004100e+00 3.500000e+01
      vertex 3.888992e+00 -5.820287e+00 3.500000e+01
    endloop
  endfacet
  facet normal 0.000000e+00 0.000000e+00 -1.000000e+00
    outer loop
      vertex 4.626925e+00 -7.719557e+00 3.500000e+01
      vertex 3.888992e+00 -5.820287e+00 3.500000e+01
      vertex 5.000132e+00 -7.483227e+00 3.500000e+01
    endloop
  endfacet
  facet normal 0.000000e+00 -0.000000e+00 1.000000e+00
    outer loop
      vertex 1.233847e+01 -2.058549e+01 0.000000e+00
      vertex 1.333369e+01 -1.995527e+01 0.000000e+00
      vertex 1.055583e+01 -1.579792e+01 0.000000e+00
    endloop
  endfacet
  facet normal 0.000000e+00 0.000000e+00 1.000000e+00
    outer loop
      vertex 1.233847e+01 -2.058549e+01 0.000000e+00
      vertex 1.055583e+01 -1.579792e+01 0.000000e+00
      vertex 9.767952e+00 -1.629684e+01 0.000000e+00
    endloop
  endfacet
  facet normal 5.292760e-01 -7.515141e-01 3.938191e-01
    outer loop
      vertex 5.000132e+00 -7.483227e+00 3.500000e+01
      vertex 1.333369e+01 -1.995527e+01 0.000000e+00
      vertex 1.429678e+01 -1.927698e+01 0.000000e+00
    endloop
  endfacet
  facet normal 5.292760e-01 -7.515141e-01 3.938191e-01
    outer loop
      vertex 5.000132e+00 -7.483227e+00 3.500000e+01
      vertex 1.429678e+01 -1.927698e+01 0.000000e+00
      vertex 5.361294e+00 -7.228868e+00 3.500000e+01
    endloop
  endfacet
  facet normal -5.447007e-01 7.734155e-01 -3.242369e-01
    outer loop
      vertex 3.888992e+00 -5.820287e+00 3.500000e+01
      vertex 4.169895e+00 -5.622453e+00 3.500000e+01
      vertex 1.131829e+01 -1.526094e+01 0.000000e+00
    endloop
  endfacet
  facet normal -5.447007e-01 7.734155e-01 -3.242369e-01
    outer loop
      vertex 3.888992e+00 -5.820287e+00 3.500000e+01
      vertex 1.131829e+01 -1.526094e+01 0.000000e+00
      vertex 1.055583e+01 -1.579792e+01 0.000000e+00
    endloop
  endfacet
  facet normal 0.000000e+00 0.000000e+00 -1.000000e+00
    outer loop
      vertex 5.000132e+00 -7.483227e+00 3.500000e+01
      vertex 3.888992e+00 -5.820287e+00 3.500000e+01
      vertex 4.169895e+00 -5.622453e+00 3.500000e+01
    endloop
  endfacet
  facet normal 0.000000e+00 0.000000e+00 -1.000000e+00
    outer loop
      vertex 5.000132e+00 -7.483227e+00 3.500000e+01
      vertex 4.169895e+00 -5.622453e+00 3.500000e+01
      vertex 5.361294e+00 -7.228868e+00 3.500000e+01
    endloop
  endfacet
  facet normal 0.000000e+00 -0.000000e+00 1.000000e+00
    outer loop
      vertex 1.333369e+01 -1.995527e+01 0.000000e+00
      vertex 1.429678e+01 -1.927698e+01 0.000000e+00
      vertex 1.131829e+01 -1.526094e+01 0.000000e+00
    endloop
  endfacet
  facet normal 0.000000e+00 0.000000e+00 1.000000e+00
    outer loop
      vertex 1.333369e+01 -1.995527e+01 0.000000e+00
      vertex 1.131829e+01 -1.526094e+01 0.000000e+00
      vertex 1.055583e+01 -1.579792e+01 0.000000e+00
    endloop
  endfacet
  facet normal 5.655135e-01 -7.246386e-01 3.938191e-01
    outer loop
      vertex 5.361294e+00 -7.228868e+00 3.500000e+01
      vertex 1.429678e+01 -1.927698e+01 0.000000e+00
      vertex 1.522544e+01 -1.855225e+01 0.000000e+00
    endloop
  endfacet
  facet normal 5.655135e-01 -7.246386e-01 3.938191e-01
    outer loop
      vertex 5.361294e+00 -7.228868e+00 3.500000e+01
      vertex 1.522544e+01 -1.855225e+01 0.000000e+00
      vertex 5.709540e+00 -6.957094e+00 3.500000e+01
    endloop
  endfacet
  facet normal -5.819943e-01 7.457567e-01 -3.242369e-01
    outer loop
      vertex 4.169895e+00 -5.622453e+00 3.500000e+01
      vertex 4.440753e+00 -5.411073e+00 3.500000e+01
      vertex 1.205347e+01 -1.468720e+01 0.000000e+00
    endloop
  endfacet
  facet normal -5.819943e-01 7.457567e-01 -3.242369e-01
    outer loop
      vertex 4.169895e+00 -5.622453e+00 3.500000e+01
      vertex 1.205347e+01 -1.468720e+01 0.000000e+00
      vertex 1.131829e+01 -1.526094e+01 0.000000e+00
    endloop
  endfacet
  facet normal 0.000000e+00 0.000000e+00 -1.000000e+00
    outer loop
      vertex 5.361294e+00 -7.228868e+00 3.500000e+01
      vertex 4.169895e+00 -5.622453e+00 3.500000e+01
      vertex 4.440753e+00 -5.411073e+00 3.500000e+01
    endloop
  endfacet
  facet normal 0.000000e+00 0.000000e+00 -1.000000e+00
    outer loop
      vertex 5.361294e+00 -7.228868e+00 3.500000e+01
      vertex 4.440753e+00 -5.411073e+00 3.500000e+01
      vertex 5.709540e+00 -6.957094e+00 3.500000e+01
    endloop
  endfacet
  facet normal 0.000000e+00 -0.000000e+00 1.000000e+00
    outer loop
      vertex 1.429678e+01 -1.927698e+01 0.000000e+00
      vertex 1.522544e+01 -1.855225e+01 0.000000e+00
      vertex 1.205347e+01 -1.468720e+01 0.000000e+00
    endloop
  endfacet
  facet normal 0.000000e+00 0.000000e+00 1.000000e+00
    outer loop
      vertex 1.429678e+01 -1.927698e+01 0.000000e+00
      vertex 1.205347e+01 -1.468720e+01 0.000000e+00
      vertex 1.131829e+01 -1.526094e+01 0.000000e+00
    endloop
  endfacet
  facet normal 6.003886e-01 -6.960173e-01 3.938191e-01
    outer loop
      vertex 5.709540e+00 -6.957094e+00 3.500000e+01
      vertex 1.522544e+01 -1.855225e+01 0.000000e+00
      vertex 1.611741e+01 -1.778283e+01 0.000000e+00
    endloop
  endfacet
  facet normal 6.003886e-01 -6.960173e-01 3.938191e-01
    outer loop
      vertex 5.709540e+00 -6.957094e+00 3.500000e+01
      vertex 1.611741e+01 -1.778283e+01 0.000000e+00
      vertex 6.044031e+00 -6.668560e+00 3.500000e+01
    endloop
  endfacet
  facet normal -6.178858e-01 7.163013e-01 -3.242369e-01
    outer loop
      vertex 4.440753e+00 -5.411073e+00 3.500000e+01
      vertex 4.700913e+00 -5.186658e+00 3.500000e+01
      vertex 1.275962e+01 -1.407807e+01 0.000000e+00
    endloop
  endfacet
  facet normal -6.178858e-01 7.163013e-01 -3.242369e-01
    outer loop
      vertex 4.440753e+00 -5.411073e+00 3.500000e+01
      vertex 1.275962e+01 -1.407807e+01 0.000000e+00
      vertex 1.205347e+01 -1.468720e+01 0.000000e+00
    endloop
  endfacet
  facet normal 0.000000e+00 0.000000e+00 -1.000000e+00
    outer loop
      vertex 5.709540e+00 -6.957094e+00 3.500000e+01
      vertex 4.440753e+00 -5.411073e+00 3.500000e+01
      vertex 4.700913e+00 -5.186658e+00 3.500000e+01
    endloop
  endfacet
  facet normal 0.000000e+00 0.000000e+00 -1.000000e+00
    outer loop
      vertex 5.709540e+00 -6.957094e+00 3.500000e+01
      vertex 4.700913e+00 -5.186658e+00 3.500000e+01
      vertex 6.044031e+00 -6.668560e+00 3.500000e+01
    endloop
  endfacet
  facet normal 0.000000e+00 -0.000000e+00 1.000000e+00
    outer loop
      vertex 1.522544e+01 -1.855225e+01 0.000000e+00
      vertex 1.611741e+01 -1.778283e+01 0.000000e+00
      vertex 1.275962e+01 -1.407807e+01 0.000000e+00
    endloop
  endfacet
  facet normal 0.000000e+00 0.000000e+00 1.000000e+00
    outer loop
      vertex 1.522544e+01 -1.855225e+01 0.000000e+00
      vertex 1.275962e+01 -1.407807e+01 0.000000e+00
      vertex 1.205347e+01 -1.468720e+01 0.000000e+00
    endloop
  endfacet
  facet normal 6.338174e-01 -6.657192e-01 3.938191e-01
    outer loop
      vertex 6.044031e+00 -6.668560e+00 3.500000e+01
      vertex 1.611741e+01 -1.778283e+01 0.000000e+00
      vertex 1.697056e+01 -1.697056e+01 0.000000e+00
    endloop
  endfacet
  facet normal 6.338174e-01 -6.657192e-01 3.938191e-01
    outer loop
      vertex 6.044031e+00 -6.668560e+00 3.500000e+01
      vertex 1.697056e+01 -1.697056e+01 0.000000e+00
      vertex 6.363961e+00 -6.363961e+00 3.500000e+01
    endloop
  endfacet
  facet normal -6.522887e-01 6.851203e-01 -3.242369e-01
    outer loop
      vertex 4.700913e+00 -5.186658e+00 3.500000e+01
      vertex 4.949747e+00 -4.949747e+00 3.500000e+01
      vertex 1.343503e+01 -1.343503e+01 0.000000e+00
    endloop
  endfacet
  facet normal -6.522887e-01 6.851203e-01 -3.242369e-01
    outer loop
      vertex 4.700913e+00 -5.186658e+00 3.500000e+01
      vertex 1.343503e+01 -1.343503e+01 0.000000e+00
      vertex 1.275962e+01 -1.407807e+01 0.000000e+00
    endloop
  endfacet
  facet normal 0.000000e+00 0.000000e+00 -1.000000e+00
    outer loop
      vertex 6.044031e+00 -6.668560e+00 3.500000e+01
      vertex 4.700913e+00 -5.186658e+00 3.500000e+01
      vertex 4.949747e+00 -4.949747e+00 3.500000e+01
    endloop
  endfacet
  facet normal 0.000000e+00 0.000000e+00 -1.000000e+00
    outer loop
      vertex 6.044031e+00 -6.668560e+00 3.500000e+01
      vertex 4.949747e+00 -4.949747e+00 3.500000e+01
      vertex 6.363961e+00 -6.363961e+00 3.500000e+01
    endloop
  endfacet
  facet normal 0.000000e+00 -0.000000e+00 1.000000e+00
    outer loop
      vertex 1.611741e+01 -1.778283e+01 0.000000e+00
      vertex 1.697056e+01 -1.697056e+01 0.000000e+00
      vertex 1.343503e+01 -1.343503e+01 0.000000e+00
    endloop
  endfacet
  facet normal 0.000000e+00 0.000000e+00 1.000000e+00
    outer loop
      vertex 1.611741e+01 -1.778283e+01 0.000000e+00
      vertex 1.343503e+01 -1.343503e+01 0.000000e+00
      vertex 1.275962e+01 -1.407807e+01 0.000000e+00
    endloop
  endfacet
  facet normal 6.657192e-01 -6.338174e-01 3.938191e-01
    outer loop
      vertex 6.363961e+00 -6.363961e+00 3.500000e+01
      vertex 1.697056e+01 -1.697056e+01 0.000000e+00
      vertex 1.778283e+01 -1.611741e+01 0.000000e+00
    endloop
  endfacet
  facet normal 6.657192e-01 -6.338174e-01 3.938191e-01
    outer loop
      vertex 6.363961e+00 -6.363961e+00 3.500000e+01
      vertex 1.778283e+01 -1.611741e+01 0.000000e+00
      vertex 6.668560e+00 -6.044031e+00 3.500000e+01
    endloop
  endfacet
  facet normal -6.851203e-01 6.522887e-01 -3.242369e-01
    outer loop
      vertex 4.949747e+00 -4.949747e+00 3.500000e+01
      vertex 5.186658e+00 -4.700913e+00 3.500000e+01
      vertex 1.407807e+01 -1.275962e+01 0.000000e+00
    endloop
  endfacet
  facet normal -6.851203e-01 6.522887e-01 -3.242369e-01
    outer loop
      vertex 4.949747e+00 -4.949747e+00 3.500000e+01
      vertex 1.407807e+01 -1.275962e+01 0.000000e+00
      vertex 1.343503e+01 -1.343503e+01 0.000000e+00
    endloop
  endfacet
  facet normal 0.000000e+00 0.000000e+00 -1.000000e+00
    outer loop
      vertex 6.363961e+00 -6.363961e+00 3.500000e+01
      vertex 4.949747e+00 -4.949747e+00 3.500000e+01
      vertex 5.186658e+00 -4.700913e+00 3.500000e+01
    endloop
  endfacet
  facet normal 0.000000e+00 0.000000e+00 -1.000000e+00
    outer loop
      vertex 6.363961e+00 -6.363961e+00 3.500000e+01
      vertex 5.186658e+00 -4.700913e+00 3.500000e+01
      vertex 6.668560e+00 -6.044031e+00 3.500000e+01
    endloop
  endfacet
  facet normal 0.000000e+00 -0.000000e+00 1.000000e+00
    outer loop
      vertex 1.697056e+01 -1.697056e+01 0.000000e+00
      vertex 1.778283e+01 -1.611741e+01 0.000000e+00
      vertex 1.407807e+01 -1.275962e+01 0.000000e+00
    endloop
  endfacet
  facet normal 0.000000e+00 0.000000e+00 1.000000e+00
    outer loop
      vertex 1.697056e+01 -1.697056e+01 0.000000e+00
      vertex 1.407807e+01 -1.275962e+01 0.000000e+00
      vertex 1.343503e+01 -1.343503e+01 0.000000e+00
    endloop
  endfacet
  facet normal 6.960173e-01 -6.003886e-01 3.938191e-01
    outer loop
      vertex 6.668560e+00 -6.044031e+00 3.500000e+01
      vertex 1.778283e+01 -1.611741e+01 0.000000e+00
      vertex 1.855225e+01 -1.522544e+01 0.000000e+00
    endloop
  endfacet
  facet normal 6.960173e-01 -6.003886e-01 3.938191e-01
    outer loop
      vertex 6.668560e+00 -6.044031e+00 3.500000e+01
      vertex 1.855225e+01 -1.522544e+01 0.000000e+00
      vertex 6.957094e+00 -5.709540e+00 3.500000e+01
    endloop
  endfacet
  facet normal -7.163013e-01 6.178858e-01 -3.242369e-01
    outer loop
      vertex 5.186658e+00 -4.700913e+00 3.500000e+01
      vertex 5.411073e+00 -4.440753e+00 3.500000e+01
      vertex 1.468720e+01 -1.205347e+01 0.000000e+00
    endloop
  endfacet
  facet normal -7.163013e-01 6.178858e-01 -3.242369e-01
    outer loop
      vertex 5.186658e+00 -4.700913e+00 3.500000e+01
      vertex 1.468720e+01 -1.205347e+01 0.000000e+00
      vertex 1.407807e+01 -1.275962e+01 0.000000e+00
    endloop
  endfacet
  facet normal 0.000000e+00 0.000000e+00 -1.000000e+00
    outer loop
      vertex 6.668560e+00 -6.044031e+00 3.500000e+01
      vertex 5.186658e+00 -4.700913e+00 3.500000e+01
      vertex 5.411073e+00 -4.440753e+00 3.500000e+01
    endloop
  endfacet
  facet normal 0.000000e+00 0.000000e+00 -1.000000e+00
    outer loop
      vertex 6.668560e+00 -6.044031e+00 3.500000e+01
      vertex 5.411073e+00 -4.440753e+00 3.500000e+01
      vertex 6.957094e+00 -5.709540e+00 3.500000e+01
    endloop
  endfacet
  facet normal 0.000000e+00 -0.000000e+00 1.000000e+00
    outer loop
      vertex 1.778283e+01 -1.611741e+01 0.000000e+00
      vertex 1.855225e+01 -1.522544e+01 0.000000e+00
      vertex 1.468720e+01 -1.205347e+01 0.000000e+00
    endloop
  endfacet
  facet normal 0.000000e+00 0.000000e+00 1.000000e+00
    outer loop
      vertex 1.778283e+01 -1.611741e+01 0.000000e+00
      vertex 1.468720e+01 -1.205347e+01 0.000000e+00
      vertex 1.407807e+01 -1.275962e+01 0.000000e+00
    endloop
  endfacet
  facet normal 7.246386e-01 -5.655135e-01 3.938191e-01
    outer loop
      vertex 6.957094e+00 -5.709540e+00 3.500000e+01
      vertex 1.855225e+01 -1.522544e+01 0.000000e+00
      vertex 1.927698e+01 -1.429678e+01 0.000000e+00
    endloop
  endfacet
  facet normal 7.246386e-01 -5.655135e-01 3.938191e-01
    outer loop
      vertex 6.957094e+00 -5.709540e+00 3.500000e+01
      vertex 1.927698e+01 -1.429678e+01 0.000000e+00
      vertex 7.228868e+00 -5.361294e+00 3.500000e+01
    endloop
  endfacet
  facet normal -7.457567e-01 5.819943e-01 -3.242369e-01
    outer loop
      vertex 5.411073e+00 -4.440753e+00 3.500000e+01
      vertex 5.622453e+00 -4.169895e+00 3.500000e+01
      vertex 1.526094e+01 -1.131829e+01 0.000000e+00
    endloop
  endfacet
  facet normal -7.457567e-01 5.819943e-01 -3.242369e-01
    outer loop
      vertex 5.411073e+00 -4.440753e+00 3.500000e+01
      vertex 1.526094e+01 -1.131829e+01 0.000000e+00
      vertex 1.468720e+01 -1.205347e+01 0.000000e+00
    endloop
  endfacet
  facet normal 0.000000e+00 0.000000e+00 -1.000000e+00
    outer loop
      vertex 6.957094e+00 -5.709540e+00 3.500000e+01
      vertex 5.411073e+00 -4.440753e+00 3.500000e+01
      vertex 5.622453e+00 -4.169895e+00 3.500000e+01
    endloop
  endfacet
  facet normal 0.000000e+00 0.000000e+00 -1.000000e+00
    outer loop
      vertex 6.957094e+00 -5.709540e+00 3.500000e+01
      vertex 5.622453e+00 -4.169895e+00 3.500000e+01
      vertex 7.228868e+00 -5.361294e+00 3.500000e+01
    endloop
  endfacet
  facet normal 0.000000e+00 -0.000000e+00 1.000000e+00
    outer loop
      vertex 1.855225e+01 -1.522544e+01 0.000000e+00
      vertex 1.927698e+01 -1.429678e+01 0.000000e+00
      vertex 1.526094e+01 -1.131829e+01 0.000000e+00
    endloop
  endfacet
  facet normal 0.000000e+00 0.000000e+00 1.000000e+00
    outer loop
      vertex 1.855225e+01 -1.522544e+01 0.000000e+00
      vertex 1.526094e+01 -1.131829e+01 0.000000e+00
      vertex 1.468720e+01 -1.205347e+01 0.000000e+00
    endloop
  endfacet
  facet normal 7.515141e-01 -5.292760e-01 3.938191e-01
    outer loop
      vertex 7.228868e+00 -5.361294e+00 3.500000e+01
      vertex 1.927698e+01 -1.429678e+01 0.000000e+00
      vertex 1.995527e+01 -1.333369e+01 0.000000e+00
    endloop
  endfacet
  facet normal 7.515141e-01 -5.292760e-01 3.938191e-01
    outer loop
      vertex 7.228868e+00 -5.361294e+00 3.500000e+01
      vertex 1.995527e+01 -1.333369e+01 0.000000e+00
      vertex 7.483227e+00 -5.000132e+00 3.500000e+01
    endloop
  endfacet
  facet normal -7.734155e-01 5.447007e-01 -3.242369e-01
    outer loop
      vertex 5.622453e+00 -4.169895e+00 3.500000e+01
      vertex 5.820287e+00 -3.888992e+00 3.500000e+01
      vertex 1.579792e+01 -1.055583e+01 0.000000e+00
    endloop
  endfacet
  facet normal -7.734155e-01 5.447007e-01 -3.242369e-01
    outer loop
      vertex 5.622453e+00 -4.169895e+00 3.500000e+01
      vertex 1.579792e+01 -1.055583e+01 0.000000e+00
      vertex 1.526094e+01 -1.131829e+01 0.000000e+00
    endloop
  endfacet
  facet normal 0.000000e+00 0.000000e+00 -1.000000e+00
    outer loop
      vertex 7.228868e+00 -5.361294e+00 3.500000e+01
      vertex 5.622453e+00 -4.169895e+00 3.500000e+01
      vertex 5.820287e+00 -3.888992e+00 3.500000e+01
    endloop
  endfacet
  facet normal 0.000000e+00 0.000000e+00 -1.000000e+00
    outer loop
      vertex 7.228868e+00 -5.361294e+00 3.500000e+01
      vertex 5.820287e+00 -3.888992e+00 3.500000e+01
      vertex 7.483227e+00 -5.000132e+00 3.500000e+01
    endloop
  endfacet
  facet normal 0.000000e+00 -0.000000e+00 1.000000e+00
    outer loop
      vertex 1.927698e+01 -1.429678e+01 0.000000e+00
      vertex 1.995527e+01 -1.333369e+01 0.000000e+00
      vertex 1.579792e+01 -1.055583e+01 0.000000e+00
    endloop
  endfacet
  facet normal 0.000000e+00 0.000000e+00 1.000000e+00
    outer loop
      vertex 1.927698e+01 -1.429678e+01 0.000000e+00
      vertex 1.579792e+01 -1.055583e+01 0.000000e+00
      vertex 1.526094e+01 -1.131829e+01 0.000000e+00
    endloop
  endfacet
  facet normal 7.765792e-01 -4.917634e-01 3.938191e-01
    outer loop
      vertex 7.483227e+00 -5.000132e+00 3.500000e+01
      vertex 1.995527e+01 -1.333369e+01 0.000000e+00
      vertex 2.058549e+01 -1.233847e+01 0.000000e+00
    endloop
  endfacet
  facet normal 7.765792e-01 -4.917634e-01 3.938191e-01
    outer loop
      vertex 7.483227e+00 -5.000132e+00 3.500000e+01
      vertex 2.058549e+01 -1.233847e+01 0.000000e+00
      vertex 7.719557e+00 -4.626925e+00 3.500000e+01
    endloop
  endfacet
  facet normal -7.992111e-01 5.060949e-01 -3.242369e-01
    outer loop
      vertex 5.820287e+00 -3.888992e+00 3.500000e+01
      vertex 6.004100e+00 -3.598719e+00 3.500000e+01
      vertex 1.629684e+01 -9.767952e+00 0.000000e+00
    endloop
  endfacet
  facet normal -7.992111e-01 5.060949e-01 -3.242369e-01
    outer loop
      vertex 5.820287e+00 -3.888992e+00 3.500000e+01
      vertex 1.629684e+01 -9.767952e+00 0.000000e+00
      vertex 1.579792e+01 -1.055583e+01 0.000000e+00
    endloop
  endfacet
  facet normal 0.000000e+00 0.000000e+00 -1.000000e+00
    outer loop
      vertex 7.483227e+00 -5.000132e+00 3.500000e+01
      vertex 5.820287e+00 -3.888992e+00 3.500000e+01
      vertex 6.004100e+00 -3.598719e+00 3.500000e+01
    endloop
  endfacet
  facet normal 0.000000e+00 0.000000e+00 -1.000000e+00
    outer loop
      vertex 7.483227e+00 -5.000132e+00 3.500000e+01
      vertex 6.004100e+00 -3.598719e+00 3.500000e+01
      vertex 7.719557e+00 -4.626925e+00 3.500000e+01
    endloop
  endfacet
  facet normal 0.000000e+00 -0.000000e+00 1.000000e+00
    outer loop
      vertex 1.995527e+01 -1.333369e+01 0.000000e+00
      vertex 2.058549e+01 -1.233847e+01 0.000000e+00
      vertex 1.629684e+01 -9.767952e+00 0.000000e+00
    endloop
  endfacet
  facet normal 0.000000e+00 0.000000e+00 1.000000e+00
    outer loop
      vertex 1.995527e+01 -1.333369e+01 0.000000e+00
      vertex 1.629684e+01 -9.767952e+00 0.000000e+00
      vertex 1.579792e+01 -1.055583e+01 0.000000e+00
    endloop
  endfacet
  facet normal 7.997735e-01 -4.530661e-01 3.938191e-01
    outer loop
      vertex 7.719557e+00 -4.626925e+00 3.500000e+01
      vertex 2.058549e+01 -1.233847e+01 0.000000e+00
      vertex 2.116611e+01 -1.131352e+01 0.000000e+00
    endloop
  endfacet
  facet normal 7.997735e-01 -4.530661e-01 3.938191e-01
    outer loop
      vertex 7.719557e+00 -4.626925e+00 3.500000e+01
      vertex 2.116611e+01 -1.131352e+01 0.000000e+00
      vertex 7.937291e+00 -4.242571e+00 3.500000e+01
    endloop
  endfacet
  facet normal -8.230813e-01 4.662698e-01 -3.242369e-01
    outer loop
      vertex 6.004100e+00 -3.598719e+00 3.500000e+01
      vertex 6.173449e+00 -3.299777e+00 3.500000e+01
      vertex 1.675650e+01 -8.956538e+00 0.000000e+00
    endloop
  endfacet
  facet normal -8.230813e-01 4.662698e-01 -3.242369e-01
    outer loop
      vertex 6.004100e+00 -3.598719e+00 3.500000e+01
      vertex 1.675650e+01 -8.956538e+00 0.000000e+00
      vertex 1.629684e+01 -9.767952e+00 0.000000e+00
    endloop
  endfacet
  facet normal 0.000000e+00 0.000000e+00 -1.000000e+00
    outer loop
      vertex 7.719557e+00 -4.626925e+00 3.500000e+01
      vertex 6.004100e+00 -3.598719e+00 3.500000e+01
      vertex 6.173449e+00 -3.299777e+00 3.500000e+01
    endloop
  endfacet
  facet normal 0.000000e+00 0.000000e+00 -1.000000e+00
    outer loop
      vertex 7.719557e+00 -4.626925e+00 3.500000e+01
      vertex 6.173449e+00 -3.299777e+00 3.500000e+01
      vertex 7.937291e+00 -4.242571e+00 3.500000e+01
    endloop
  endfacet
  facet normal 0.000000e+00 -0.000000e+00 1.000000e+00
    outer loop
      vertex 2.058549e+01 -1.233847e+01 0.000000e+00
      vertex 2.116611e+01 -1.131352e+01 0.000000e+00
      vertex 1.675650e+01 -8.956538e+00 0.000000e+00
    endloop
  endfacet
  facet normal 0.000000e+00 0.000000e+00 1.000000e+00
    outer loop
      vertex 2.058549e+01 -1.233847e+01 0.000000e+00
      vertex 1.675650e+01 -8.956538e+00 0.000000e+00
      vertex 1.629684e+01 -9.767952e+00 0.000000e+00
    endloop
  endfacet
  facet normal 8.210410e-01 -4.132773e-01 3.938191e-01
    outer loop
      vertex 7.937291e+00 -4.242571e+00 3.500000e+01
      vertex 2.116611e+01 -1.131352e+01 0.000000e+00
      vertex 2.169574e+01 -1.026132e+01 0.000000e+00
    endloop
  endfacet
  facet normal 8.210410e-01 -4.132773e-01 3.938191e-01
    outer loop
      vertex 7.937291e+00 -4.242571e+00 3.500000e+01
      vertex 2.169574e+01 -1.026132e+01 0.000000e+00
      vertex 8.135904e+00 -3.847996e+00 3.500000e+01
    endloop
  endfacet
  facet normal -8.449687e-01 4.253215e-01 -3.242369e-01
    outer loop
      vertex 6.173449e+00 -3.299777e+00 3.500000e+01
      vertex 6.327925e+00 -2.992886e+00 3.500000e+01
      vertex 1.717580e+01 -8.123547e+00 0.000000e+00
    endloop
  endfacet
  facet normal -8.449687e-01 4.253215e-01 -3.242369e-01
    outer loop
      vertex 6.173449e+00 -3.299777e+00 3.500000e+01
      vertex 1.717580e+01 -8.123547e+00 0.000000e+00
      vertex 1.675650e+01 -8.956538e+00 0.000000e+00
    endloop
  endfacet
  facet normal 0.000000e+00 0.000000e+00 -1.000000e+00
    outer loop
      vertex 7.937291e+00 -4.242571e+00 3.500000e+01
      vertex 6.173449e+00 -3.299777e+00 3.500000e+01
      vertex 6.327925e+00 -2.992886e+00 3.500000e+01
    endloop
  endfacet
  facet normal 0.000000e+00 0.000000e+00 -1.000000e+00
    outer loop
      vertex 7.937291e+00 -4.242571e+00 3.500000e+01
      vertex 6.327925e+00 -2.992886e+00 3.500000e+01
      vertex 8.135904e+00 -3.847996e+00 3.500000e+01
    endloop
  endfacet
  facet normal 0.000000e+00 -0.000000e+00 1.000000e+00
    outer loop
      vertex 2.116611e+01 -1.131352e+01 0.000000e+00
      vertex 2.169574e+01 -1.026132e+01 0.000000e+00
      vertex 1.717580e+01 -8.123547e+00 0.000000e+00
    endloop
  endfacet
  facet normal 0.000000e+00 0.000000e+00 1.000000e+00
    outer loop
      vertex 2.116611e+01 -1.131352e+01 0.000000e+00
      vertex 1.717580e+01 -8.123547e+00 0.000000e+00
      vertex 1.675650e+01 -8.956538e+00 0.000000e+00
    endloop
  endfacet
  facet normal 8.403306e-01 -3.724929e-01 3.938191e-01
    outer loop
      vertex 8.135904e+00 -3.847996e+00 3.500000e+01
      vertex 2.169574e+01 -1.026132e+01 0.000000e+00
      vertex 2.217311e+01 -9.184402e+00 0.000000e+00
    endloop
  endfacet
  facet normal 8.403306e-01 -3.724929e-01 3.938191e-01
    outer loop
      vertex 8.135904e+00 -3.847996e+00 3.500000e+01
      vertex 2.217311e+01 -9.184402e+00 0.000000e+00
      vertex 8.314916e+00 -3.444151e+00 3.500000e+01
    endloop
  endfacet
  facet normal -8.648204e-01 3.833485e-01 -3.242369e-01
    outer loop
      vertex 6.327925e+00 -2.992886e+00 3.500000e+01
      vertex 6.467157e+00 -2.678784e+00 3.500000e+01
      vertex 1.755371e+01 -7.270985e+00 0.000000e+00
    endloop
  endfacet
  facet normal -8.648204e-01 3.833485e-01 -3.242369e-01
    outer loop
      vertex 6.327925e+00 -2.992886e+00 3.500000e+01
      vertex 1.755371e+01 -7.270985e+00 0.000000e+00
      vertex 1.717580e+01 -8.123547e+00 0.000000e+00
    endloop
  endfacet
  facet normal 0.000000e+00 0.000000e+00 -1.000000e+00
    outer loop
      vertex 8.135904e+00 -3.847996e+00 3.500000e+01
      vertex 6.327925e+00 -2.992886e+00 3.500000e+01
      vertex 6.467157e+00 -2.678784e+00 3.500000e+01
    endloop
  endfacet
  facet normal 0.000000e+00 0.000000e+00 -1.000000e+00
    outer loop
      vertex 8.135904e+00 -3.847996e+00 3.500000e+01
      vertex 6.467157e+00 -2.678784e+00 3.500000e+01
      vertex 8.314916e+00 -3.444151e+00 3.500000e+01
    endloop
  endfacet
  facet normal 0.000000e+00 -0.000000e+00 1.000000e+00
    outer loop
      vertex 2.169574e+01 -1.026132e+01 0.000000e+00
      vertex 2.217311e+01 -9.184402e+00 0.000000e+00
      vertex 1.755371e+01 -7.270985e+00 0.000000e+00
    endloop
  endfacet
  facet normal 0.000000e+00 0.000000e+00 1.000000e+00
    outer loop
      vertex 2.169574e+01 -1.026132e+01 0.000000e+00
      vertex 1.755371e+01 -7.270985e+00 0.000000e+00
      vertex 1.717580e+01 -8.123547e+00 0.000000e+00
    endloop
  endfacet
  facet normal 8.575958e-01 -3.308112e-01 3.938191e-01
    outer loop
      vertex 8.314916e+00 -3.444151e+00 3.500000e+01
      vertex 2.217311e+01 -9.184402e+00 0.000000e+00
      vertex 2.259706e+01 -8.085356e+00 0.000000e+00
    endloop
  endfacet
  facet normal 8.575958e-01 -3.308112e-01 3.938191e-01
    outer loop
      vertex 8.314916e+00 -3.444151e+00 3.500000e+01
      vertex 2.259706e+01 -8.085356e+00 0.000000e+00
      vertex 8.473897e+00 -3.032009e+00 3.500000e+01
    endloop
  endfacet
  facet normal -8.825887e-01 3.404520e-01 -3.242369e-01
    outer loop
      vertex 6.467157e+00 -2.678784e+00 3.500000e+01
      vertex 6.590808e+00 -2.358229e+00 3.500000e+01
      vertex 1.788934e+01 -6.400907e+00 0.000000e+00
    endloop
  endfacet
  facet normal -8.825887e-01 3.404520e-01 -3.242369e-01
    outer loop
      vertex 6.467157e+00 -2.678784e+00 3.500000e+01
      vertex 1.788934e+01 -6.400907e+00 0.000000e+00
      vertex 1.755371e+01 -7.270985e+00 0.000000e+00
    endloop
  endfacet
  facet normal 0.000000e+00 0.000000e+00 -1.000000e+00
    outer loop
      vertex 8.314916e+00 -3.444151e+00 3.500000e+01
      vertex 6.467157e+00 -2.678784e+00 3.500000e+01
      vertex 6.590808e+00 -2.358229e+00 3.500000e+01
    endloop
  endfacet
  facet normal 0.000000e+00 0.000000e+00 -1.000000e+00
    outer loop
      vertex 8.314916e+00 -3.444151e+00 3.500000e+01
      vertex 6.590808e+00 -2.358229e+00 3.500000e+01
      vertex 8.473897e+00 -3.032009e+00 3.500000e+01
    endloop
  endfacet
  facet normal 0.000000e+00 -0.000000e+00 1.000000e+00
    outer loop
      vertex 2.217311e+01 -9.184402e+00 0.000000e+00
      vertex 2.259706e+01 -8.085356e+00 0.000000e+00
      vertex 1.788934e+01 -6.400907e+00 0.000000e+00
    endloop
  endfacet
  facet normal 0.000000e+00 0.000000e+00 1.000000e+00
    outer loop
      vertex 2.217311e+01 -9.184402e+00 0.000000e+00
      vertex 1.788934e+01 -6.400907e+00 0.000000e+00
      vertex 1.755371e+01 -7.270985e+00 0.000000e+00
    endloop
  endfacet
  facet normal 8.727949e-01 -2.883325e-01 3.938191e-01
    outer loop
      vertex 8.473897e+00 -3.032009e+00 3.500000e+01
      vertex 2.259706e+01 -8.085356e+00 0.000000e+00
      vertex 2.296657e+01 -6.966832e+00 0.000000e+00
    endloop
  endfacet
  facet normal 8.727949e-01 -2.883325e-01 3.938191e-01
    outer loop
      vertex 8.473897e+00 -3.032009e+00 3.500000e+01
      vertex 2.296657e+01 -6.966832e+00 0.000000e+00
      vertex 8.612463e+00 -2.612562e+00 3.500000e+01
    endloop
  endfacet
  facet normal -8.982308e-01 2.967354e-01 -3.242369e-01
    outer loop
      vertex 6.590808e+00 -2.358229e+00 3.500000e+01
      vertex 6.698582e+00 -2.031993e+00 3.500000e+01
      vertex 1.818187e+01 -5.515409e+00 0.000000e+00
    endloop
  endfacet
  facet normal -8.982308e-01 2.967354e-01 -3.242369e-01
    outer loop
      vertex 6.590808e+00 -2.358229e+00 3.500000e+01
      vertex 1.818187e+01 -5.515409e+00 0.000000e+00
      vertex 1.788934e+01 -6.400907e+00 0.000000e+00
    endloop
  endfacet
  facet normal 0.000000e+00 0.000000e+00 -1.000000e+00
    outer loop
      vertex 8.473897e+00 -3.032009e+00 3.500000e+01
      vertex 6.590808e+00 -2.358229e+00 3.500000e+01
      vertex 6.698582e+00 -2.031993e+00 3.500000e+01
    endloop
  endfacet
  facet normal 0.000000e+00 0.000000e+00 -1.000000e+00
    outer loop
      vertex 8.473897e+00 -3.032009e+00 3.500000e+01
      vertex 6.698582e+00 -2.031993e+00 3.500000e+01
      vertex 8.612463e+00 -2.612562e+00 3.500000e+01
    endloop
  endfacet
  facet normal 0.000000e+00 -0.000000e+00 1.000000e+00
    outer loop
      vertex 2.259706e+01 -8.085356e+00 0.000000e+00
      vertex 2.296657e+01 -6.966832e+00 0.000000e+00
      vertex 1.818187e+01 -5.515409e+00 0.000000e+00
    endloop
  endfacet
  facet normal 0.000000e+00 0.000000e+00 1.000000e+00
    outer loop
      vertex 2.259706e+01 -8.085356e+00 0.000000e+00
      vertex 1.818187e+01 -5.515409e+00 0.000000e+00
      vertex 1.788934e+01 -6.400907e+00 0.000000e+00
    endloop
  endfacet
  facet normal 8.858914e-01 -2.451592e-01 3.938191e-01
    outer loop
      vertex 8.612463e+00 -2.612562e+00 3.500000e+01
      vertex 2.296657e+01 -6.966832e+00 0.000000e+00
      vertex 2.328075e+01 -5.831524e+00 0.000000e+00
    endloop
  endfacet
  facet normal 8.858914e-01 -2.451592e-01 3.938191e-01
    outer loop
      vertex 8.612463e+00 -2.612562e+00 3.500000e+01
      vertex 2.328075e+01 -5.831524e+00 0.000000e+00
      vertex 8.730281e+00 -2.186822e+00 3.500000e+01
    endloop
  endfacet
  facet normal -9.117089e-01 2.523038e-01 -3.242369e-01
    outer loop
      vertex 6.698582e+00 -2.031993e+00 3.500000e+01
      vertex 6.790219e+00 -1.700861e+00 3.500000e+01
      vertex 1.843059e+01 -4.616623e+00 0.000000e+00
    endloop
  endfacet
  facet normal -9.117089e-01 2.523038e-01 -3.242369e-01
    outer loop
      vertex 6.698582e+00 -2.031993e+00 3.500000e+01
      vertex 1.843059e+01 -4.616623e+00 0.000000e+00
      vertex 1.818187e+01 -5.515409e+00 0.000000e+00
    endloop
  endfacet
  facet normal 0.000000e+00 0.000000e+00 -1.000000e+00
    outer loop
      vertex 8.612463e+00 -2.612562e+00 3.500000e+01
      vertex 6.698582e+00 -2.031993e+00 3.500000e+01
      vertex 6.790219e+00 -1.700861e+00 3.500000e+01
    endloop
  endfacet
  facet normal 0.000000e+00 0.000000e+00 -1.000000e+00
    outer loop
      vertex 8.612463e+00 -2.612562e+00 3.500000e+01
      vertex 6.790219e+00 -1.700861e+00 3.500000e+01
      vertex 8.730281e+00 -2.186822e+00 3.500000e+01
    endloop
  endfacet
  facet normal 0.000000e+00 -0.000000e+00 1.000000e+00
    outer loop
      vertex 2.296657e+01 -6.966832e+00 0.000000e+00
      vertex 2.328075e+01 -5.831524e+00 0.000000e+00
      vertex 1.843059e+01 -4.616623e+00 0.000000e+00
    endloop
  endfacet
  facet normal 0.000000e+00 0.000000e+00 1.000000e+00
    outer loop
      vertex 2.296657e+01 -6.966832e+00 0.000000e+00
      vertex 1.843059e+01 -4.616623e+00 0.000000e+00
      vertex 1.818187e+01 -5.515409e+00 0.000000e+00
    endloop
  endfacet
  facet normal 8.968537e-01 -2.013952e-01 3.938191e-01
    outer loop
      vertex 8.730281e+00 -2.186822e+00 3.500000e+01
      vertex 2.328075e+01 -5.831524e+00 0.000000e+00
      vertex 2.353885e+01 -4.682168e+00 0.000000e+00
    endloop
  endfacet
  facet normal 8.968537e-01 -2.013952e-01 3.938191e-01
    outer loop
      vertex 8.730281e+00 -2.186822e+00 3.500000e+01
      vertex 2.353885e+01 -4.682168e+00 0.000000e+00
      vertex 8.827068e+00 -1.755813e+00 3.500000e+01
    endloop
  endfacet
  facet normal -9.229907e-01 2.072645e-01 -3.242369e-01
    outer loop
      vertex 6.790219e+00 -1.700861e+00 3.500000e+01
      vertex 6.865497e+00 -1.365632e+00 3.500000e+01
      vertex 1.863492e+01 -3.706716e+00 0.000000e+00
    endloop
  endfacet
  facet normal -9.229907e-01 2.072645e-01 -3.242369e-01
    outer loop
      vertex 6.790219e+00 -1.700861e+00 3.500000e+01
      vertex 1.863492e+01 -3.706716e+00 0.000000e+00
      vertex 1.843059e+01 -4.616623e+00 0.000000e+00
    endloop
  endfacet
  facet normal 0.000000e+00 0.000000e+00 -1.000000e+00
    outer loop
      vertex 8.730281e+00 -2.186822e+00 3.500000e+01
      vertex 6.790219e+00 -1.700861e+00 3.500000e+01
      vertex 6.865497e+00 -1.365632e+00 3.500000e+01
    endloop
  endfacet
  facet normal 0.000000e+00 0.000000e+00 -1.000000e+00
    outer loop
      vertex 8.730281e+00 -2.186822e+00 3.500000e+01
      vertex 6.865497e+00 -1.365632e+00 3.500000e+01
      vertex 8.827068e+00 -1.755813e+00 3.500000e+01
    endloop
  endfacet
  facet normal 0.000000e+00 -0.000000e+00 1.000000e+00
    outer loop
      vertex 2.328075e+01 -5.831524e+00 0.000000e+00
      vertex 2.353885e+01 -4.682168e+00 0.000000e+00
      vertex 1.863492e+01 -3.706716e+00 0.000000e+00
    endloop
  endfacet
  facet normal 0.000000e+00 0.000000e+00 1.000000e+00
    outer loop
      vertex 2.328075e+01 -5.831524e+00 0.000000e+00
      vertex 1.863492e+01 -3.706716e+00 0.000000e+00
      vertex 1.843059e+01 -4.616623e+00 0.000000e+00
    endloop
  endfacet
  facet normal 9.056554e-01 -1.571461e-01 3.938191e-01
    outer loop
      vertex 8.827068e+00 -1.755813e+00 3.500000e+01
      vertex 2.353885e+01 -4.682168e+00 0.000000e+00
      vertex 2.374024e+01 -3.521531e+00 0.000000e+00
    endloop
  endfacet
  facet normal 9.056554e-01 -1.571461e-01 3.938191e-01
    outer loop
      vertex 8.827068e+00 -1.755813e+00 3.500000e+01
      vertex 2.374024e+01 -3.521531e+00 0.000000e+00
      vertex 8.902589e+00 -1.320574e+00 3.500000e+01
    endloop
  endfacet
  facet normal -9.320489e-01 1.617258e-01 -3.242369e-01
    outer loop
      vertex 6.865497e+00 -1.365632e+00 3.500000e+01
      vertex 6.924236e+00 -1.027113e+00 3.500000e+01
      vertex 1.879435e+01 -2.787879e+00 0.000000e+00
    endloop
  endfacet
  facet normal -9.320489e-01 1.617258e-01 -3.242369e-01
    outer loop
      vertex 6.865497e+00 -1.365632e+00 3.500000e+01
      vertex 1.879435e+01 -2.787879e+00 0.000000e+00
      vertex 1.863492e+01 -3.706716e+00 0.000000e+00
    endloop
  endfacet
  facet normal 0.000000e+00 0.000000e+00 -1.000000e+00
    outer loop
      vertex 8.827068e+00 -1.755813e+00 3.500000e+01
      vertex 6.865497e+00 -1.365632e+00 3.500000e+01
      vertex 6.924236e+00 -1.027113e+00 3.500000e+01
    endloop
  endfacet
  facet normal 0.000000e+00 0.000000e+00 -1.000000e+00
    outer loop
      vertex 8.827068e+00 -1.755813e+00 3.500000e+01
      vertex 6.924236e+00 -1.027113e+00 3.500000e+01
      vertex 8.902589e+00 -1.320574e+00 3.500000e+01
    endloop
  endfacet
  facet normal 0.000000e+00 -0.000000e+00 1.000000e+00
    outer loop
      vertex 2.353885e+01 -4.682168e+00 0.000000e+00
      vertex 2.374024e+01 -3.521531e+00 0.000000e+00
      vertex 1.879435e+01 -2.787879e+00 0.000000e+00
    endloop
  endfacet
  facet normal 0.000000e+00 0.000000e+00 1.000000e+00
    outer loop
      vertex 2.353885e+01 -4.682168e+00 0.000000e+00
      vertex 1.879435e+01 -2.787879e+00 0.000000e+00
      vertex 1.863492e+01 -3.706716e+00 0.000000e+00
    endloop
  endfacet
  facet normal 9.122753e-01 -1.125184e-01 3.938191e-01
    outer loop
      vertex 8.902589e+00 -1.320574e+00 3.500000e+01
      vertex 2.374024e+01 -3.521531e+00 0.000000e+00
      vertex 2.388443e+01 -2.352411e+00 0.000000e+00
    endloop
  endfacet
  facet normal 9.122753e-01 -1.125184e-01 3.938191e-01
    outer loop
      vertex 8.902589e+00 -1.320574e+00 3.500000e+01
      vertex 2.388443e+01 -2.352411e+00 0.000000e+00
      vertex 8.956663e+00 -8.821543e-01 3.500000e+01
    endloop
  endfacet
  facet normal -9.388617e-01 1.157975e-01 -3.242369e-01
    outer loop
      vertex 6.924236e+00 -1.027113e+00 3.500000e+01
      vertex 6.966293e+00 -6.861200e-01 3.500000e+01
      vertex 1.890851e+01 -1.862326e+00 0.000000e+00
    endloop
  endfacet
  facet normal -9.388617e-01 1.157975e-01 -3.242369e-01
    outer loop
      vertex 6.924236e+00 -1.027113e+00 3.500000e+01
      vertex 1.890851e+01 -1.862326e+00 0.000000e+00
      vertex 1.879435e+01 -2.787879e+00 0.000000e+00
    endloop
  endfacet
  facet normal 0.000000e+00 0.000000e+00 -1.000000e+00
    outer loop
      vertex 8.902589e+00 -1.320574e+00 3.500000e+01
      vertex 6.924236e+00 -1.027113e+00 3.500000e+01
      vertex 6.966293e+00 -6.861200e-01 3.500000e+01
    endloop
  endfacet
  facet normal 0.000000e+00 0.000000e+00 -1.000000e+00
    outer loop
      vertex 8.902589e+00 -1.320574e+00 3.500000e+01
      vertex 6.966293e+00 -6.861200e-01 3.500000e+01
      vertex 8.956663e+00 -8.821543e-01 3.500000e+01
    endloop
  endfacet
  facet normal 0.000000e+00 -0.000000e+00 1.000000e+00
    outer loop
      vertex 2.374024e+01 -3.521531e+00 0.000000e+00
      vertex 2.388443e+01 -2.352411e+00 0.000000e+00
      vertex 1.890851e+01 -1.862326e+00 0.000000e+00
    endloop
  endfacet
  facet normal 0.000000e+00 0.000000e+00 1.000000e+00
    outer loop
      vertex 2.374024e+01 -3.521531e+00 0.000000e+00
      vertex 1.890851e+01 -1.862326e+00 0.000000e+00
      vertex 1.879435e+01 -2.787879e+00 0.000000e+00
    endloop
  endfacet
  facet normal 9.166974e-01 -6.761966e-02 3.938191e-01
    outer loop
      vertex 8.956663e+00 -8.821543e-01 3.500000e+01
      vertex 2.388443e+01 -2.352411e+00 0.000000e+00
      vertex 2.397109e+01 -1.177624e+00 0.000000e+00
    endloop
  endfacet
  facet normal 9.166974e-01 -6.761966e-02 3.938191e-01
    outer loop
      vertex 8.956663e+00 -8.821543e-01 3.500000e+01
      vertex 2.397109e+01 -1.177624e+00 0.000000e+00
      vertex 8.989159e+00 -4.416091e-01 3.500000e+01
    endloop
  endfacet
  facet normal -9.434127e-01 6.959031e-02 -3.242369e-01
    outer loop
      vertex 6.966293e+00 -6.861200e-01 3.500000e+01
      vertex 6.991568e+00 -3.434737e-01 3.500000e+01
      vertex 1.897711e+01 -9.322858e-01 0.000000e+00
    endloop
  endfacet
  facet normal -9.434127e-01 6.959031e-02 -3.242369e-01
    outer loop
      vertex 6.966293e+00 -6.861200e-01 3.500000e+01
      vertex 1.897711e+01 -9.322858e-01 0.000000e+00
      vertex 1.890851e+01 -1.862326e+00 0.000000e+00
    endloop
  endfacet
  facet normal 0.000000e+00 0.000000e+00 -1.000000e+00
    outer loop
      vertex 8.956663e+00 -8.821543e-01 3.500000e+01
      vertex 6.966293e+00 -6.861200e-01 3.500000e+01
      vertex 6.991568e+00 -3.434737e-01 3.500000e+01
    endloop
  endfacet
  facet normal 0.000000e+00 0.000000e+00 -1.000000e+00
    outer loop
      vertex 8.956663e+00 -8.821543e-01 3.500000e+01
      vertex 6.991568e+00 -3.434737e-01 3.500000e+01
      vertex 8.989159e+00 -4.416091e-01 3.500000e+01
    endloop
  endfacet
  facet normal 0.000000e+00 -0.000000e+00 1.000000e+00
    outer loop
      vertex 2.388443e+01 -2.352411e+00 0.000000e+00
      vertex 2.397109e+01 -1.177624e+00 0.000000e+00
      vertex 1.897711e+01 -9.322858e-01 0.000000e+00
    endloop
  endfacet
  facet normal 0.000000e+00 0.000000e+00 1.000000e+00
    outer loop
      vertex 2.388443e+01 -2.352411e+00 0.000000e+00
      vertex 1.897711e+01 -9.322858e-01 0.000000e+00
      vertex 1.890851e+01 -1.862326e+00 0.000000e+00
    endloop
  endfacet
  facet normal 9.189111e-01 -2.255800e-02 3.938191e-01
    outer loop
      vertex 8.989159e+00 -4.416091e-01 3.500000e+01
      vertex 2.397109e+01 -1.177624e+00 0.000000e+00
      vertex 2.400000e+01 0.000000e+00 0.000000e+00
    endloop
  endfacet
  facet normal 9.189111e-01 -2.255800e-02 3.938191e-01
    outer loop
      vertex 8.989159e+00 -4.416091e-01 3.500000e+01
      vertex 2.400000e+01 0.000000e+00 0.000000e+00
      vertex 9.000000e+00 0.000000e+00 3.500000e+01
    endloop
  endfacet
  facet normal -9.456910e-01 2.321541e-02 -3.242369e-01
    outer loop
      vertex 6.991568e+00 -3.434737e-01 3.500000e+01
      vertex 7.000000e+00 0.000000e+00 3.500000e+01
      vertex 1.900000e+01 0.000000e+00 0.000000e+00
    endloop
  endfacet
  facet normal -9.456910e-01 2.321541e-02 -3.242369e-01
    outer loop
      vertex 6.991568e+00 -3.434737e-01 3.500000e+01
      vertex 1.900000e+01 0.000000e+00 0.000000e+00
      vertex 1.897711e+01 -9.322858e-01 0.000000e+00
    endloop
  endfacet
  facet normal 0.000000e+00 0.000000e+00 -1.000000e+00
    outer loop
      vertex 8.989159e+00 -4.416091e-01 3.500000e+01
      vertex 6.991568e+00 -3.434737e-01 3.500000e+01
      vertex 7.000000e+00 0.000000e+00 3.500000e+01
    endloop
  endfacet
  facet normal 0.000000e+00 0.000000e+00 -1.000000e+00
    outer loop
      vertex 8.989159e+00 -4.416091e-01 3.500000e+01
      vertex 7.000000e+00 0.000000e+00 3.500000e+01
      vertex 9.000000e+00 0.000000e+00 3.500000e+01
    endloop
  endfacet
  facet normal 0.000000e+00 -0.000000e+00 1.000000e+00
    outer loop
      vertex 2.397109e+01 -1.177624e+00 0.000000e+00
      vertex 2.400000e+01 0.000000e+00 0.000000e+00
      vertex 1.900000e+01 0.000000e+00 0.000000e+00
    endloop
  endfacet
  facet normal 0.000000e+00 0.000000e+00 1.000000e+00
    outer loop
      vertex 2.397109e+01 -1.177624e+00 0.000000e+00
      vertex 1.900000e+01 0.000000e+00 0.000000e+00
      vertex 1.897711e+01 -9.322858e-01 0.000000e+00
    endloop
  endfacet
endsolid optical_spacer
